width,space,length,gnd_width,unshield_length,via_thickness,metal_thickness,vin,vrise,period,txres,delay
1.3,3.72,3513.0,2.25,388.0,0.8,1.28,0.85,61.25,530.5,37.0, 94.722
1.3,3.72,3513.0,2.25,388.0,0.8,1.28,1.15,39.5,407.5,73.5, 116.569
1.3,3.72,3513.0,2.25,388.0,0.8,1.28,1.15,42.5,229.75,56.5, 99.306
1.3,3.72,3513.0,2.25,388.0,0.8,1.28,0.45,10.75,189.0,15.0, -119.797
2.1,2.14,3759.0,4.9,418.0,0.64,0.62,0.85,56.0,292.5,18.5, -932.873
2.1,2.14,3759.0,4.9,418.0,0.64,0.62,1.05,39.25,527.5,52.5, 233.824
2.1,2.14,3759.0,4.9,418.0,0.64,0.62,0.6,9.0,108.25,34.5, -154.389
2.1,2.14,3759.0,4.9,418.0,0.64,0.62,1.35,60.75,453.5,75.0, -1095.874
4.9,2.54,2844.0,0.95,583.0,0.86,1.82,0.95,39.0,386.25,45.5, 85.418
4.9,2.54,2844.0,0.95,583.0,0.86,1.82,0.8,28.0,228.25,63.5, -626.213
4.9,2.54,2844.0,0.95,583.0,0.86,1.82,1.35,39.25,204.0,21.5, -378.182
4.9,2.54,2844.0,0.95,583.0,0.86,1.82,0.6,31.5,559.75,33.0, 81.262
2.95,2.08,2451.0,3.25,546.0,0.74,0.42,1.1,24.75,138.5,20.5, 98.010
2.95,2.08,2451.0,3.25,546.0,0.74,0.42,0.5,25.25,248.25,30.0, 102.486
2.95,2.08,2451.0,3.25,546.0,0.74,0.42,1.4,16.0,341.25,71.0, 121.007
2.95,2.08,2451.0,3.25,546.0,0.74,0.42,0.9,60.0,536.25,55.5, 123.561
2.25,3.26,2401.0,2.55,523.0,1.52,1.72,0.85,16.25,546.5,20.5, -1145.488
2.25,3.26,2401.0,2.55,523.0,1.52,1.72,1.0,88.0,448.75,61.5, 81.430
2.25,3.26,2401.0,2.55,523.0,1.52,1.72,1.25,15.5,149.75,57.5, 75.658
2.25,3.26,2401.0,2.55,523.0,1.52,1.72,0.5,37.5,269.25,28.0, 66.268
2.95,4.62,3941.0,4.3,515.0,0.82,1.8,0.85,98.5,502.75,52.0, 115.215
2.95,4.62,3941.0,4.3,515.0,0.82,1.8,0.6,20.5,341.25,24.5, 93.660
2.95,4.62,3941.0,4.3,515.0,0.82,1.8,1.15,16.0,98.25,70.0, -142.983
2.95,4.62,3941.0,4.3,515.0,0.82,1.8,1.3,21.0,228.5,36.0, -418.785
4.7,2.22,2004.0,4.7,319.0,1.02,1.2,0.65,20.75,363.25,22.0, 55.987
4.7,2.22,2004.0,4.7,319.0,1.02,1.2,0.65,26.0,200.0,39.0, 62.394
4.7,2.22,2004.0,4.7,319.0,1.02,1.2,1.05,110.25,554.25,48.0, 79.855
4.7,2.22,2004.0,4.7,319.0,1.02,1.2,1.25,26.5,247.75,73.5, -1078.836
3.65,2.78,3427.0,3.15,510.0,0.86,1.74,0.55,26.5,302.5,72.0, -967.739
3.65,2.78,3427.0,3.15,510.0,0.86,1.74,1.35,34.5,181.0,44.0, 93.912
3.65,2.78,3427.0,3.15,510.0,0.86,1.74,1.05,61.5,516.75,35.5, 91.397
3.65,2.78,3427.0,3.15,510.0,0.86,1.74,0.85,12.25,342.0,26.5, 87.806
2.7,2.16,1700.0,1.15,589.0,1.62,1.38,1.2,14.25,143.75,47.5, -254.303
2.7,2.16,1700.0,1.15,589.0,1.62,1.38,0.95,21.5,369.5,33.0, 65.095
2.7,2.16,1700.0,1.15,589.0,1.62,1.38,0.75,63.75,337.0,17.0, 55.840
2.7,2.16,1700.0,1.15,589.0,1.62,1.38,0.45,77.0,584.0,73.5, 81.683
3.3,4.4,2729.0,4.5,574.0,1.88,1.6,0.45,38.25,198.0,26.5, -373.910
3.3,4.4,2729.0,4.5,574.0,1.88,1.6,1.15,40.5,344.75,73.0, -1505.700
3.3,4.4,2729.0,4.5,574.0,1.88,1.6,0.7,33.75,479.25,56.0, 80.622
3.3,4.4,2729.0,4.5,574.0,1.88,1.6,1.05,14.25,286.25,33.0, 72.744
1.05,3.1,2555.0,4.9,428.0,1.3,1.62,1.3,19.5,116.5,12.5, -193.654
1.05,3.1,2555.0,4.9,428.0,1.3,1.62,0.95,67.25,402.5,61.0, 85.391
1.05,3.1,2555.0,4.9,428.0,1.3,1.62,0.45,36.75,566.5,39.0, 72.194
1.05,3.1,2555.0,4.9,428.0,1.3,1.62,0.85,10.75,297.25,56.0, 77.173
4.35,4.12,2218.0,1.2,526.0,1.6,1.9,1.35,31.5,171.0,56.5, 69.047
4.35,4.12,2218.0,1.2,526.0,1.6,1.9,0.95,10.75,363.0,73.5, -1603.544
4.35,4.12,2218.0,1.2,526.0,1.6,1.9,0.8,42.25,313.5,18.0, 56.235
4.35,4.12,2218.0,1.2,526.0,1.6,1.9,0.45,43.0,509.75,35.0, 64.739
3.15,3.88,4574.0,3.35,465.0,1.18,1.54,0.55,43.0,500.75,25.0, 91.214
3.15,3.88,4574.0,3.35,465.0,1.18,1.54,1.25,72.25,393.25,54.0, 106.402
3.15,3.88,4574.0,3.35,465.0,1.18,1.54,1.0,41.75,325.75,60.5, 105.703
3.15,3.88,4574.0,3.35,465.0,1.18,1.54,0.7,12.0,159.0,39.0, 95.764
3.5,4.7,3725.0,2.95,356.0,1.74,0.64,1.1,11.75,313.75,21.5, 76.876
3.5,4.7,3725.0,2.95,356.0,1.74,0.64,0.6,91.5,585.25,40.0, 91.813
3.5,4.7,3725.0,2.95,356.0,1.74,0.64,1.2,15.75,142.0,73.0, 88.647
3.5,4.7,3725.0,2.95,356.0,1.74,0.64,0.65,41.25,346.75,55.5, 97.796
3.75,2.36,1983.0,2.3,555.0,1.6,0.76,1.0,22.25,126.5,42.0, -212.825
3.75,2.36,1983.0,2.3,555.0,1.6,0.76,0.4,60.25,572.75,66.5, 83.698
3.75,2.36,1983.0,2.3,555.0,1.6,0.76,1.15,51.0,360.75,20.0, 63.313
3.75,2.36,1983.0,2.3,555.0,1.6,0.76,0.8,14.75,233.0,51.0, 75.692
2.9,2.64,4734.0,4.3,354.0,1.58,0.66,1.1,22.25,127.25,22.5, 90.441
2.9,2.64,4734.0,4.3,354.0,1.58,0.66,0.55,11.75,428.5,30.5, 95.668
2.9,2.64,4734.0,4.3,354.0,1.58,0.66,0.7,33.75,288.0,56.5, 111.434
2.9,2.64,4734.0,4.3,354.0,1.58,0.66,1.35,56.75,599.25,60.0, 125.100
1.9,3.66,1799.0,3.9,424.0,1.98,0.72,1.15,54.0,292.75,67.5, 75.647
1.9,3.66,1799.0,3.9,424.0,1.98,0.72,0.7,52.25,443.75,22.0, 56.068
1.9,3.66,1799.0,3.9,424.0,1.98,0.72,1.4,57.0,549.0,56.0, 72.674
1.9,3.66,1799.0,3.9,424.0,1.98,0.72,0.65,9.5,103.75,34.0, 65.306
0.9,2.66,1789.0,2.1,559.0,0.68,0.86,0.8,88.5,496.25,33.5, 85.573
0.9,2.66,1789.0,2.1,559.0,0.68,0.86,0.95,13.25,465.25,63.5, 95.356
0.9,2.66,1789.0,2.1,559.0,0.68,0.86,1.2,25.5,323.75,27.0, 80.532
0.9,2.66,1789.0,2.1,559.0,0.68,0.86,0.6,14.0,98.0,44.5, 81.862
4.55,3.9,4183.0,3.05,344.0,1.18,1.46,1.35,21.75,162.5,41.0, 84.812
4.55,3.9,4183.0,3.05,344.0,1.18,1.46,0.65,12.5,362.25,70.0, -1588.454
4.55,3.9,4183.0,3.05,344.0,1.18,1.46,0.8,50.75,263.5,56.5, -728.113
4.55,3.9,4183.0,3.05,344.0,1.18,1.46,1.0,45.75,530.0,16.0, 74.264
1.75,3.2,3152.0,3.2,493.0,0.78,1.9,0.95,53.0,279.0,27.5, 79.478
1.75,3.2,3152.0,3.2,493.0,0.78,1.9,0.55,46.5,388.5,34.5, 83.990
1.75,3.2,3152.0,3.2,493.0,0.78,1.9,0.7,17.5,157.75,55.0, 87.794
1.75,3.2,3152.0,3.2,493.0,0.78,1.9,1.35,21.0,561.75,71.5, -2509.163
4.65,2.48,3288.0,1.05,534.0,1.1,1.24,1.1,12.5,105.75,60.5, -159.524
4.65,2.48,3288.0,1.05,534.0,1.1,1.24,1.15,17.5,378.25,18.0, -763.513
4.65,2.48,3288.0,1.05,534.0,1.1,1.24,0.65,94.0,481.75,58.0, 104.750
4.65,2.48,3288.0,1.05,534.0,1.1,1.24,0.75,40.75,264.25,40.5, 87.173
2.85,2.1,3129.0,2.85,560.0,1.0,0.44,0.45,26.0,164.0,72.5, 113.051
2.85,2.1,3129.0,2.85,560.0,1.0,0.44,0.95,17.25,347.0,53.5, 117.928
2.85,2.1,3129.0,2.85,560.0,1.0,0.44,1.2,85.5,522.25,42.0, 117.226
2.85,2.1,3129.0,2.85,560.0,1.0,0.44,0.85,23.5,215.25,19.5, 104.127
3.8,2.3,2575.0,2.45,319.0,0.62,1.26,0.9,18.0,177.0,30.0, -328.240
3.8,2.3,2575.0,2.45,319.0,0.62,1.26,0.65,23.5,451.75,58.0, -1777.826
3.8,2.3,2575.0,2.45,319.0,0.62,1.26,1.15,43.25,217.25,17.5, 65.746
3.8,2.3,2575.0,2.45,319.0,0.62,1.26,0.65,70.0,575.75,66.0, 121.451
2.45,2.98,4479.0,3.3,358.0,0.8,1.26,0.75,79.25,590.0,69.5, 154.525
2.45,2.98,4479.0,3.3,358.0,0.8,1.26,0.4,10.5,88.5,20.0, 84.995
2.45,2.98,4479.0,3.3,358.0,0.8,1.26,1.15,67.25,373.25,45.5, 110.913
2.45,2.98,4479.0,3.3,358.0,0.8,1.26,0.95,8.75,325.25,36.0, 99.859
2.05,4.9,1597.0,4.6,327.0,0.88,1.6,1.3,16.5,533.5,26.0, 52.673
2.05,4.9,1597.0,4.6,327.0,0.88,1.6,0.75,24.25,344.5,72.5, -1529.899
2.05,4.9,1597.0,4.6,327.0,0.88,1.6,0.5,40.25,211.75,56.0, 62.723
2.05,4.9,1597.0,4.6,327.0,0.88,1.6,1.05,25.5,168.0,36.0, 54.723
4.55,4.82,1586.0,0.8,437.0,0.98,0.72,0.55,46.0,343.75,33.5, 63.539
4.55,4.82,1586.0,0.8,437.0,0.98,0.72,1.0,17.0,87.5,56.5, -135.140
4.55,4.82,1586.0,0.8,437.0,0.98,0.72,0.75,20.25,472.75,65.0, 75.206
4.55,4.82,1586.0,0.8,437.0,0.98,0.72,1.3,27.0,315.5,26.0, 60.515
3.2,3.5,2037.0,3.55,336.0,0.46,1.44,0.55,8.75,92.0,51.5, -146.647
3.2,3.5,2037.0,3.55,336.0,0.46,1.44,0.75,49.75,333.25,41.5, 78.383
3.2,3.5,2037.0,3.55,336.0,0.46,1.44,1.2,46.75,564.75,73.0, 123.495
3.2,3.5,2037.0,3.55,336.0,0.46,1.44,1.1,77.0,429.25,25.0, 70.227
2.45,2.86,3687.0,1.4,551.0,1.68,1.44,0.6,80.0,436.25,21.5, 77.504
2.45,2.86,3687.0,1.4,551.0,1.68,1.44,0.85,56.25,579.75,66.5, 97.731
2.45,2.86,3687.0,1.4,551.0,1.68,1.44,1.05,42.75,274.75,34.0, 84.141
2.45,2.86,3687.0,1.4,551.0,1.68,1.44,1.2,14.75,208.75,45.5, 87.909
1.25,2.18,2689.0,1.7,325.0,1.66,0.86,1.4,36.25,275.5,73.0, 89.715
1.25,2.18,2689.0,1.7,325.0,1.66,0.86,0.5,14.25,130.25,16.5, 65.820
1.25,2.18,2689.0,1.7,325.0,1.66,0.86,0.7,77.5,463.25,54.5, 88.619
1.25,2.18,2689.0,1.7,325.0,1.66,0.86,1.0,16.25,507.75,42.0, 74.231
2.95,3.04,4353.0,1.65,448.0,1.96,1.16,0.7,54.75,390.5,30.0, 84.436
2.95,3.04,4353.0,1.65,448.0,1.96,1.16,1.4,19.5,274.5,55.0, 93.455
2.95,3.04,4353.0,1.65,448.0,1.96,1.16,0.95,40.0,206.25,62.0, 93.211
2.95,3.04,4353.0,1.65,448.0,1.96,1.16,0.5,49.25,544.0,27.0, 81.572
1.25,3.96,3555.0,2.55,485.0,0.52,2.0,0.9,108.25,569.75,40.0, 108.783
1.25,3.96,3555.0,2.55,485.0,0.52,2.0,0.5,41.0,264.25,15.0, -193.945
1.25,3.96,3555.0,2.55,485.0,0.52,2.0,1.25,16.0,391.0,74.0, -1497.822
1.25,3.96,3555.0,2.55,485.0,0.52,2.0,0.9,22.0,205.25,46.5, 102.159
3.05,2.52,1578.0,3.9,449.0,1.98,1.78,1.0,15.25,89.75,55.5, -144.623
3.05,2.52,1578.0,3.9,449.0,1.98,1.78,0.7,34.75,560.75,34.5, 54.890
3.05,2.52,1578.0,3.9,449.0,1.98,1.78,1.4,14.0,231.0,20.5, 48.393
3.05,2.52,1578.0,3.9,449.0,1.98,1.78,0.55,72.75,396.0,69.5, 69.489
3.45,4.66,2890.0,2.5,539.0,0.66,0.82,1.25,45.75,262.25,37.5, 99.394
3.45,4.66,2890.0,2.5,539.0,0.66,0.82,0.6,41.25,365.5,20.0, 91.472
3.45,4.66,2890.0,2.5,539.0,0.66,0.82,0.8,16.25,474.5,50.5, 108.154
3.45,4.66,2890.0,2.5,539.0,0.66,0.82,1.0,16.5,143.5,61.5, 96.816
3.4,2.34,3735.0,2.05,577.0,0.64,1.14,0.85,40.5,433.5,21.5, 102.687
3.4,2.34,3735.0,2.05,577.0,0.64,1.14,0.55,11.0,118.25,38.5, -173.785
3.4,2.34,3735.0,2.05,577.0,0.64,1.14,1.05,34.75,291.75,70.5, -796.125
3.4,2.34,3735.0,2.05,577.0,0.64,1.14,1.2,83.5,536.75,44.5, 119.089
4.35,4.02,2885.0,3.85,489.0,0.78,0.68,0.6,63.75,559.75,58.5, 113.776
4.35,4.02,2885.0,3.85,489.0,0.78,0.68,0.9,34.25,173.5,31.0, 96.995
4.35,4.02,2885.0,3.85,489.0,0.78,0.68,0.95,10.5,316.0,66.5, -881.341
4.35,4.02,2885.0,3.85,489.0,0.78,0.68,1.2,44.75,425.75,19.5, 88.452
4.25,3.8,4855.0,3.7,569.0,1.18,0.54,0.5,48.25,491.25,67.0, 157.334
4.25,3.8,4855.0,3.7,569.0,1.18,0.54,1.15,39.5,329.0,24.5, 122.953
4.25,3.8,4855.0,3.7,569.0,1.18,0.54,0.85,9.0,110.5,35.0, 111.395
4.25,3.8,4855.0,3.7,569.0,1.18,0.54,1.35,61.75,383.5,50.5, 143.626
3.35,3.8,4155.0,3.55,519.0,1.46,1.58,0.95,55.5,311.0,37.5, 91.100
3.35,3.8,4155.0,3.55,519.0,1.46,1.58,1.2,9.25,96.75,72.5, -139.413
3.35,3.8,4155.0,3.55,519.0,1.46,1.58,0.45,34.25,522.0,25.0, 85.112
3.35,3.8,4155.0,3.55,519.0,1.46,1.58,0.9,43.25,385.5,54.0, 95.785
3.3,3.14,2065.0,3.1,368.0,0.46,1.84,0.7,12.0,89.5,35.0, -138.411
3.3,3.14,2065.0,3.1,368.0,0.46,1.84,1.2,57.0,386.25,61.0, -1501.563
3.3,3.14,2065.0,3.1,368.0,0.46,1.84,0.95,10.75,259.75,25.0, 70.323
3.3,3.14,2065.0,3.1,368.0,0.46,1.84,0.45,104.75,563.75,46.0, 92.920
0.85,3.4,2757.0,4.1,396.0,1.88,1.7,0.65,21.75,402.5,71.0, 85.547
0.85,3.4,2757.0,4.1,396.0,1.88,1.7,0.7,21.25,259.5,58.5, 75.905
0.85,3.4,2757.0,4.1,396.0,1.88,1.7,1.05,22.25,112.5,40.0, 70.190
0.85,3.4,2757.0,4.1,396.0,1.88,1.7,1.3,71.25,508.25,26.5, 65.966
4.95,2.38,1874.0,1.5,329.0,0.4,1.94,0.45,27.75,259.75,28.0, 65.200
4.95,2.38,1874.0,1.5,329.0,0.4,1.94,1.25,9.0,84.5,72.5, -139.552
4.95,2.38,1874.0,1.5,329.0,0.4,1.94,0.95,96.0,543.75,50.5, 94.172
4.95,2.38,1874.0,1.5,329.0,0.4,1.94,0.85,50.0,355.5,22.0, 60.743
2.5,4.12,3654.0,4.6,310.0,0.56,0.52,0.85,38.75,493.0,52.5, 160.281
2.5,4.12,3654.0,4.6,310.0,0.56,0.52,1.25,56.5,385.5,38.0, 137.861
2.5,4.12,3654.0,4.6,310.0,0.56,0.52,1.0,48.25,285.5,25.0, 115.947
2.5,4.12,3654.0,4.6,310.0,0.56,0.52,0.6,10.0,206.5,74.0, 141.230
2.35,3.04,4724.0,1.35,526.0,1.48,1.92,0.55,29.5,385.0,43.5, 96.265
2.35,3.04,4724.0,1.35,526.0,1.48,1.92,1.1,13.0,147.0,44.0, 95.625
2.35,3.04,4724.0,1.35,526.0,1.48,1.92,0.85,39.5,251.5,17.0, -477.853
2.35,3.04,4724.0,1.35,526.0,1.48,1.92,1.35,90.5,484.0,61.5, 109.946
2.9,4.2,1854.0,2.0,475.0,1.8,1.52,1.25,45.5,322.25,21.5, 55.602
2.9,4.2,1854.0,2.0,475.0,1.8,1.52,0.85,26.0,592.25,55.5, 66.603
2.9,4.2,1854.0,2.0,475.0,1.8,1.52,0.95,12.0,116.25,68.5, -200.257
2.9,4.2,1854.0,2.0,475.0,1.8,1.52,0.5,84.75,458.25,34.5, 58.164
4.15,3.06,4781.0,2.75,469.0,1.44,0.48,1.1,33.25,426.75,13.5, 102.754
4.15,3.06,4781.0,2.75,469.0,1.44,0.48,0.7,10.0,90.0,28.5, 98.920
4.15,3.06,4781.0,2.75,469.0,1.44,0.48,0.55,55.0,315.75,48.0, 123.131
4.15,3.06,4781.0,2.75,469.0,1.44,0.48,1.3,74.5,540.0,64.0, 149.178
3.95,4.74,4137.0,4.15,406.0,1.78,1.1,1.1,15.75,281.0,33.5, 83.031
3.95,4.74,4137.0,4.15,406.0,1.78,1.1,0.5,44.25,547.25,54.0, 91.593
3.95,4.74,4137.0,4.15,406.0,1.78,1.1,1.3,59.75,345.75,23.5, 77.350
3.95,4.74,4137.0,4.15,406.0,1.78,1.1,0.75,24.0,190.25,67.0, -505.960
3.0,2.62,4050.0,3.4,520.0,1.76,0.42,0.75,36.75,447.0,21.0, 101.026
3.0,2.62,4050.0,3.4,520.0,1.76,0.42,0.6,44.0,227.25,53.0, 113.292
3.0,2.62,4050.0,3.4,520.0,1.76,0.42,1.1,27.75,202.25,70.5, 117.042
3.0,2.62,4050.0,3.4,520.0,1.76,0.42,1.3,16.0,478.75,30.0, 103.915
1.1,3.76,1729.0,2.9,322.0,0.96,1.34,0.4,20.25,351.0,33.5, 57.680
1.1,3.76,1729.0,2.9,322.0,0.96,1.34,0.75,39.0,210.25,68.0, 69.239
1.1,3.76,1729.0,2.9,322.0,0.96,1.34,1.05,86.5,568.25,49.5, 70.035
1.1,3.76,1729.0,2.9,322.0,0.96,1.34,1.4,12.0,87.75,27.5, 58.344
3.65,4.52,3578.0,3.95,528.0,1.94,1.3,1.3,40.75,234.0,14.5, -452.399
3.65,4.52,3578.0,3.95,528.0,1.94,1.3,0.95,13.5,114.75,30.0, -180.319
3.65,4.52,3578.0,3.95,528.0,1.94,1.3,0.5,64.75,421.25,60.5, 91.834
3.65,4.52,3578.0,3.95,528.0,1.94,1.3,0.85,10.75,525.75,48.5, 84.962
3.85,3.0,4288.0,0.95,337.0,1.5,0.94,1.1,50.5,325.75,73.5, 104.848
3.85,3.0,4288.0,0.95,337.0,1.5,0.94,0.85,14.0,341.0,23.0, 80.956
3.85,3.0,4288.0,0.95,337.0,1.5,0.94,0.65,43.5,507.0,36.0, 87.840
3.85,3.0,4288.0,0.95,337.0,1.5,0.94,1.35,34.0,175.25,51.5, 90.885
1.9,4.62,2366.0,3.65,434.0,1.4,1.66,0.8,35.0,510.5,51.5, 71.413
1.9,4.62,2366.0,3.65,434.0,1.4,1.66,0.6,12.75,239.0,69.0, 75.393
1.9,4.62,2366.0,3.65,434.0,1.4,1.66,1.05,14.0,95.0,23.0, -148.149
1.9,4.62,2366.0,3.65,434.0,1.4,1.66,1.3,86.75,439.75,42.0, 68.917
4.6,3.22,3209.0,3.45,337.0,1.16,1.62,1.0,36.0,210.25,66.0, -813.727
4.6,3.22,3209.0,3.45,337.0,1.16,1.62,0.75,11.25,141.25,16.5, -248.298
4.6,3.22,3209.0,3.45,337.0,1.16,1.62,0.55,63.0,563.0,41.5, 79.575
4.6,3.22,3209.0,3.45,337.0,1.16,1.62,1.25,36.0,345.5,50.0, -1519.449
3.55,2.02,4386.0,1.8,361.0,1.58,0.6,0.7,27.5,198.75,51.0, 101.706
3.55,2.02,4386.0,1.8,361.0,1.58,0.6,1.2,24.25,223.25,40.5, 99.907
3.55,2.02,4386.0,1.8,361.0,1.58,0.6,0.55,91.0,571.75,26.5, 100.747
3.55,2.02,4386.0,1.8,361.0,1.58,0.6,1.15,16.75,464.5,73.0, 139.444
0.8,3.16,1655.0,3.45,579.0,1.38,0.74,0.45,16.75,102.0,46.0, 78.334
0.8,3.16,1655.0,3.45,579.0,1.38,0.74,1.1,83.25,526.5,72.5, 106.318
0.8,3.16,1655.0,3.45,579.0,1.38,0.74,1.35,43.25,407.5,33.0, 77.551
0.8,3.16,1655.0,3.45,579.0,1.38,0.74,0.65,21.0,306.0,15.0, 67.271
2.75,3.96,2315.0,0.95,552.0,0.56,1.8,1.25,18.5,218.0,37.0, -410.622
2.75,3.96,2315.0,0.95,552.0,0.56,1.8,1.05,11.0,118.5,57.0, -191.819
2.75,3.96,2315.0,0.95,552.0,0.56,1.8,0.5,89.5,532.75,72.0, 112.291
2.75,3.96,2315.0,0.95,552.0,0.56,1.8,0.85,48.0,365.5,24.5, 75.218
3.25,3.56,4096.0,5.0,424.0,1.46,1.22,0.95,36.0,574.5,61.5, -2563.050
3.25,3.56,4096.0,5.0,424.0,1.46,1.22,0.7,8.75,307.5,20.5, 80.306
3.25,3.56,4096.0,5.0,424.0,1.46,1.22,1.3,42.75,345.75,33.0, 84.928
3.25,3.56,4096.0,5.0,424.0,1.46,1.22,0.4,33.0,177.75,47.5, 91.668
3.2,3.62,1538.0,3.05,429.0,0.46,1.96,0.6,54.5,451.5,19.0, -941.006
3.2,3.62,1538.0,3.05,429.0,0.46,1.96,0.85,11.25,117.5,45.0, -202.680
3.2,3.62,1538.0,3.05,429.0,0.46,1.96,1.15,32.25,337.25,38.0, 71.582
3.2,3.62,1538.0,3.05,429.0,0.46,1.96,1.2,105.25,547.5,66.5, 112.272
4.5,2.76,3084.0,1.75,591.0,1.92,1.74,1.0,48.5,251.25,32.5, 72.415
4.5,2.76,3084.0,1.75,591.0,1.92,1.74,1.2,22.5,169.75,50.0, -302.979
4.5,2.76,3084.0,1.75,591.0,1.92,1.74,0.5,32.25,549.5,26.5, -1145.769
4.5,2.76,3084.0,1.75,591.0,1.92,1.74,0.75,41.5,383.5,72.5, -1680.730
2.35,2.2,3670.0,4.8,392.0,1.2,1.18,1.15,47.75,377.75,14.0, 75.041
2.35,2.2,3670.0,4.8,392.0,1.2,1.18,0.55,89.25,481.75,63.5, 134.013
2.35,2.2,3670.0,4.8,392.0,1.2,1.18,1.05,21.75,262.0,50.5, -725.596
2.35,2.2,3670.0,4.8,392.0,1.2,1.18,0.7,9.0,98.0,32.0, -145.907
1.15,3.14,3799.0,1.55,395.0,0.74,0.74,0.45,16.0,145.5,19.5, 101.618
1.15,3.14,3799.0,1.55,395.0,0.74,0.74,0.8,17.5,290.0,70.0, 138.668
1.15,3.14,3799.0,1.55,395.0,0.74,0.74,1.1,79.75,415.0,51.5, 138.421
1.15,3.14,3799.0,1.55,395.0,0.74,0.74,1.35,68.25,522.75,31.5, 121.835
4.75,3.42,4507.0,2.1,442.0,1.28,0.54,0.45,44.75,497.25,60.0, 123.583
4.75,3.42,4507.0,2.1,442.0,1.28,0.54,1.05,14.75,246.25,55.5, 112.648
4.75,3.42,4507.0,2.1,442.0,1.28,0.54,0.75,15.0,81.25,25.0, 92.998
4.75,3.42,4507.0,2.1,442.0,1.28,0.54,1.35,56.25,426.25,31.0, 107.794
3.95,2.44,3700.0,4.45,557.0,1.86,1.82,0.5,30.25,202.25,50.5, -762.639
3.95,2.44,3700.0,4.45,557.0,1.86,1.82,1.2,43.0,497.75,69.5, -2211.540
3.95,2.44,3700.0,4.45,557.0,1.86,1.82,0.8,47.0,275.5,42.0, 82.667
3.95,2.44,3700.0,4.45,557.0,1.86,1.82,1.1,25.5,422.0,21.5, -860.382
2.05,2.24,2049.0,2.1,305.0,1.22,0.58,0.5,76.25,564.0,46.5, 77.157
2.05,2.24,2049.0,2.1,305.0,1.22,0.58,1.0,13.0,164.0,72.0, 75.795
2.05,2.24,2049.0,2.1,305.0,1.22,0.58,0.75,72.5,439.0,22.5, 62.145
2.05,2.24,2049.0,2.1,305.0,1.22,0.58,1.25,30.25,330.25,38.5, 68.064
1.5,4.14,3932.0,3.1,359.0,1.22,0.98,0.6,39.25,536.75,44.0, 96.321
1.5,4.14,3932.0,3.1,359.0,1.22,0.98,1.4,11.5,129.5,61.5, 91.140
1.5,4.14,3932.0,3.1,359.0,1.22,0.98,0.9,58.0,332.5,17.0, 82.103
1.5,4.14,3932.0,3.1,359.0,1.22,0.98,0.85,61.75,465.75,39.5, 96.503
3.9,4.02,2586.0,3.9,452.0,0.42,1.78,0.75,23.25,179.25,37.5, 94.765
3.9,4.02,2586.0,3.9,452.0,0.42,1.78,1.25,83.75,479.25,46.5, 113.510
3.9,4.02,2586.0,3.9,452.0,0.42,1.78,0.95,32.25,367.5,66.5, -1406.810
3.9,4.02,2586.0,3.9,452.0,0.42,1.78,0.65,10.5,339.25,26.5, 92.148
4.2,3.7,2124.0,1.85,524.0,1.56,1.54,0.7,64.5,481.0,59.0, 75.682
4.2,3.7,2124.0,1.85,524.0,1.56,1.54,0.45,24.25,340.25,70.5, 78.207
4.2,3.7,2124.0,1.85,524.0,1.56,1.54,1.35,36.5,219.25,29.0, 61.466
4.2,3.7,2124.0,1.85,524.0,1.56,1.54,1.0,8.5,84.0,25.5, -123.532
2.65,2.7,3424.0,0.85,514.0,0.84,1.4,1.25,28.0,581.5,23.0, 85.349
2.65,2.7,3424.0,0.85,514.0,0.84,1.4,0.5,32.25,333.25,64.5, 101.628
2.65,2.7,3424.0,0.85,514.0,0.84,1.4,1.05,80.75,433.0,28.5, 87.390
2.65,2.7,3424.0,0.85,514.0,0.84,1.4,0.75,24.25,156.75,48.5, 94.524
1.9,4.1,1943.0,3.3,497.0,0.56,0.84,1.2,74.0,505.25,46.5, 92.250
1.9,4.1,1943.0,3.3,497.0,0.56,0.84,0.9,52.5,333.0,29.0, 81.298
1.9,4.1,1943.0,3.3,497.0,0.56,0.84,0.65,9.25,399.5,13.0, -816.527
1.9,4.1,1943.0,3.3,497.0,0.56,0.84,0.85,15.25,142.5,67.0, 85.769
1.3,4.08,3995.0,4.75,484.0,1.32,0.48,0.85,40.0,486.25,71.0, 169.487
1.3,4.08,3995.0,4.75,484.0,1.32,0.48,0.55,69.0,375.0,26.0, 126.034
1.3,4.08,3995.0,4.75,484.0,1.32,0.48,1.25,9.0,179.0,38.0, 118.798
1.3,4.08,3995.0,4.75,484.0,1.32,0.48,0.95,26.5,214.5,57.0, 132.466
1.05,3.98,2322.0,1.95,318.0,1.44,0.9,1.1,22.5,331.25,71.5, 86.675
1.05,3.98,2322.0,1.95,318.0,1.44,0.9,0.7,46.75,408.75,12.5, 58.177
1.05,3.98,2322.0,1.95,318.0,1.44,0.9,0.45,38.25,199.75,29.0, 66.943
1.05,3.98,2322.0,1.95,318.0,1.44,0.9,1.15,30.75,585.0,52.0, 77.138
3.1,2.56,2271.0,3.5,486.0,1.72,0.94,0.45,47.25,289.5,69.0, 84.436
3.1,2.56,2271.0,3.5,486.0,1.72,0.94,0.75,49.5,494.0,27.0, 64.786
3.1,2.56,2271.0,3.5,486.0,1.72,0.94,0.95,55.75,460.0,32.0, 67.316
3.1,2.56,2271.0,3.5,486.0,1.72,0.94,1.3,10.5,121.25,54.0, -205.436
1.8,3.08,2178.0,1.2,435.0,0.4,1.06,0.5,11.75,198.5,71.5, 94.619
1.8,3.08,2178.0,1.2,435.0,0.4,1.06,1.2,49.75,459.5,31.0, 86.521
1.8,3.08,2178.0,1.2,435.0,0.4,1.06,0.75,76.0,563.0,26.0, 83.191
1.8,3.08,2178.0,1.2,435.0,0.4,1.06,1.05,47.5,265.25,58.5, 95.578
2.45,2.5,2662.0,2.1,478.0,1.76,1.96,1.15,66.75,561.0,41.0, 69.536
2.45,2.5,2662.0,2.1,478.0,1.76,1.96,0.5,20.5,385.75,24.5, -791.491
2.45,2.5,2662.0,2.1,478.0,1.76,1.96,0.95,32.75,198.25,62.0, 73.602
2.45,2.5,2662.0,2.1,478.0,1.76,1.96,0.7,26.25,283.0,58.0, 74.744
2.7,4.36,4275.0,1.05,366.0,0.62,1.02,0.55,38.0,228.0,73.0, 121.691
2.7,4.36,4275.0,1.05,366.0,0.62,1.02,0.8,54.5,483.0,42.0, 112.774
2.7,4.36,4275.0,1.05,366.0,0.62,1.02,1.35,13.75,420.25,17.0, 94.661
2.7,4.36,4275.0,1.05,366.0,0.62,1.02,0.95,15.5,123.25,52.5, 99.466
2.8,2.22,3351.0,4.4,408.0,1.46,1.2,0.9,100.25,596.5,50.5, 91.677
2.8,2.22,3351.0,4.4,408.0,1.46,1.2,0.5,13.5,318.75,34.0, 76.386
2.8,2.22,3351.0,4.4,408.0,1.46,1.2,1.35,17.25,123.5,18.5, -203.839
2.8,2.22,3351.0,4.4,408.0,1.46,1.2,0.95,39.25,405.75,60.0, -1172.018
1.15,4.46,2937.0,2.15,302.0,1.96,1.36,0.5,10.75,573.75,40.0, 67.628
1.15,4.46,2937.0,2.15,302.0,1.96,1.36,1.25,47.0,245.0,20.0, 60.043
1.15,4.46,2937.0,2.15,302.0,1.96,1.36,1.0,53.75,393.5,55.0, 78.044
1.15,4.46,2937.0,2.15,302.0,1.96,1.36,0.8,10.5,84.25,61.0, 67.865
4.8,4.18,4496.0,1.8,315.0,0.66,1.12,1.35,27.0,151.75,73.5, 116.935
4.8,4.18,4496.0,1.8,315.0,0.66,1.12,1.15,33.0,465.0,43.0, 106.860
4.8,4.18,4496.0,1.8,315.0,0.66,1.12,0.85,63.25,559.5,50.5, 132.657
4.8,4.18,4496.0,1.8,315.0,0.66,1.12,0.6,18.75,330.5,27.0, 98.129
2.2,3.74,2336.0,2.6,547.0,1.32,0.6,1.4,42.25,599.0,57.5, 91.787
2.2,3.74,2336.0,2.6,547.0,1.32,0.6,0.6,37.75,268.25,43.0, 85.749
2.2,3.74,2336.0,2.6,547.0,1.32,0.6,0.9,26.5,138.75,64.0, 87.834
2.2,3.74,2336.0,2.6,547.0,1.32,0.6,0.8,21.25,368.25,20.0, 74.875
1.55,3.94,4399.0,1.9,518.0,0.68,1.88,0.75,27.25,266.25,47.5, 115.564
1.55,3.94,4399.0,1.9,518.0,0.68,1.88,1.25,81.75,565.5,26.0, 106.118
1.55,3.94,4399.0,1.9,518.0,0.68,1.88,1.05,10.25,116.0,67.0, -170.820
1.55,3.94,4399.0,1.9,518.0,0.68,1.88,0.65,68.5,376.25,36.5, 112.698
3.0,4.0,4030.0,3.8,417.0,1.78,0.7,0.65,68.5,407.5,15.0, 79.527
3.0,4.0,4030.0,3.8,417.0,1.78,0.7,1.0,72.75,521.5,39.0, 94.909
3.0,4.0,4030.0,3.8,417.0,1.78,0.7,1.4,15.25,273.0,57.0, 97.267
3.0,4.0,4030.0,3.8,417.0,1.78,0.7,0.45,13.5,96.0,71.5, 86.389
2.55,3.42,2131.0,3.35,390.0,1.08,0.78,0.55,37.5,307.75,66.5, 81.261
2.55,3.42,2131.0,3.35,390.0,1.08,0.78,0.95,27.75,410.75,38.0, 71.611
2.55,3.42,2131.0,3.35,390.0,1.08,0.78,1.3,96.0,558.25,12.5, 55.171
2.55,3.42,2131.0,3.35,390.0,1.08,0.78,0.9,11.25,179.75,50.0, 72.931
4.8,2.08,2641.0,4.85,510.0,1.48,0.64,0.65,53.5,306.0,22.5, 75.380
4.8,2.08,2641.0,4.85,510.0,1.48,0.64,0.95,59.25,468.75,62.0, 94.736
4.8,2.08,2641.0,4.85,510.0,1.48,0.64,0.75,40.0,516.0,56.0, 91.387
4.8,2.08,2641.0,4.85,510.0,1.48,0.64,1.4,10.5,130.75,33.0, -218.819
1.0,4.48,2691.0,4.2,444.0,1.84,0.46,1.25,21.0,391.75,73.0, 132.505
1.0,4.48,2691.0,4.2,444.0,1.84,0.46,0.7,80.75,527.25,57.0, 124.958
1.0,4.48,2691.0,4.2,444.0,1.84,0.46,0.5,16.25,90.75,30.0, 78.706
1.0,4.48,2691.0,4.2,444.0,1.84,0.46,0.95,20.5,266.0,15.5, 85.163
1.6,4.54,1618.0,1.05,409.0,1.4,0.44,0.5,31.25,367.0,46.5, 77.366
1.6,4.54,1618.0,1.05,409.0,1.4,0.44,1.35,10.75,255.25,15.5, 61.459
1.6,4.54,1618.0,1.05,409.0,1.4,0.44,1.1,19.0,101.75,69.5, 76.404
1.6,4.54,1618.0,1.05,409.0,1.4,0.44,0.9,53.25,473.25,37.5, 74.304
4.8,4.38,4110.0,4.35,529.0,0.6,1.08,1.1,38.0,281.5,14.0, -524.527
4.8,4.38,4110.0,4.35,529.0,0.6,1.08,0.45,40.25,369.5,75.0, -1073.262
4.8,4.38,4110.0,4.35,529.0,0.6,1.08,1.35,19.0,493.75,34.5, 123.738
4.8,4.38,4110.0,4.35,529.0,0.6,1.08,0.75,19.25,100.5,51.5, -135.929
4.2,4.36,3860.0,1.9,466.0,1.9,1.4,0.6,26.0,424.0,70.5, -967.571
4.2,4.36,3860.0,1.9,466.0,1.9,1.4,0.9,33.75,190.25,55.5, 85.783
4.2,4.36,3860.0,1.9,466.0,1.9,1.4,1.3,79.5,523.25,25.0, 74.309
4.2,4.36,3860.0,1.9,466.0,1.9,1.4,0.9,29.25,327.25,33.0, 79.125
2.4,4.56,2724.0,2.55,477.0,1.3,1.32,0.8,9.75,361.25,64.5, 83.971
2.4,4.56,2724.0,2.55,477.0,1.3,1.32,1.3,27.25,320.0,33.5, 74.217
2.4,4.56,2724.0,2.55,477.0,1.3,1.32,0.9,16.0,108.5,13.5, -169.058
2.4,4.56,2724.0,2.55,477.0,1.3,1.32,0.4,88.75,498.0,51.5, 84.132
2.4,2.88,1712.0,3.8,412.0,1.6,0.68,0.95,19.75,265.0,52.0, 67.887
2.4,2.88,1712.0,3.8,412.0,1.6,0.68,0.85,14.0,84.75,21.5, -131.013
2.4,2.88,1712.0,3.8,412.0,1.6,0.68,0.45,22.75,395.5,35.5, 62.375
2.4,2.88,1712.0,3.8,412.0,1.6,0.68,1.3,112.75,599.5,63.0, 82.831
1.55,4.4,2029.0,2.8,387.0,1.92,1.86,1.1,23.75,324.0,64.0, 66.645
1.55,4.4,2029.0,2.8,387.0,1.92,1.86,0.7,85.0,486.25,41.5, 60.313
1.55,4.4,2029.0,2.8,387.0,1.92,1.86,1.3,11.5,389.5,21.5, -809.923
1.55,4.4,2029.0,2.8,387.0,1.92,1.86,0.6,18.75,124.25,53.0, 61.121
4.7,4.9,2242.0,4.3,401.0,0.62,1.56,1.25,36.25,305.75,64.0, -1330.205
4.7,4.9,2242.0,4.3,401.0,0.62,1.56,0.5,26.75,135.75,22.5, -235.324
4.7,4.9,2242.0,4.3,401.0,0.62,1.56,1.1,46.75,463.75,32.5, 76.915
4.7,4.9,2242.0,4.3,401.0,0.62,1.56,0.8,16.0,592.0,54.5, -2667.649
1.1,4.04,2516.0,3.65,376.0,0.7,1.78,1.35,14.0,314.25,47.5, 76.153
1.1,4.04,2516.0,3.65,376.0,0.7,1.78,0.45,37.5,347.5,36.5, 73.347
1.1,4.04,2516.0,3.65,376.0,0.7,1.78,1.0,26.25,198.5,12.5, -382.947
1.1,4.04,2516.0,3.65,376.0,0.7,1.78,0.7,95.25,570.25,64.5, 102.153
3.35,3.64,2110.0,4.85,499.0,1.74,0.7,0.8,86.0,470.75,28.0, 65.712
3.35,3.64,2110.0,4.85,499.0,1.74,0.7,0.5,18.0,250.5,16.0, -497.474
3.35,3.64,2110.0,4.85,499.0,1.74,0.7,0.95,63.0,426.75,72.0, 88.582
3.35,3.64,2110.0,4.85,499.0,1.74,0.7,1.4,16.75,159.5,53.5, 75.730
1.3,2.28,3525.0,3.0,377.0,1.96,1.72,1.25,32.0,209.75,43.5, 75.101
1.3,2.28,3525.0,3.0,377.0,1.96,1.72,1.05,19.25,316.25,49.0, 77.554
1.3,2.28,3525.0,3.0,377.0,1.96,1.72,0.45,45.25,550.25,63.5, 91.057
1.3,2.28,3525.0,3.0,377.0,1.96,1.72,0.7,60.75,388.75,15.0, 63.743
4.3,4.34,2787.0,3.75,425.0,1.24,0.7,1.1,80.25,520.25,72.5, 113.931
4.3,4.34,2787.0,3.75,425.0,1.24,0.7,0.45,45.25,366.25,54.0, 88.183
4.3,4.34,2787.0,3.75,425.0,1.24,0.7,0.85,17.75,280.5,39.0, 81.981
4.3,4.34,2787.0,3.75,425.0,1.24,0.7,1.35,12.5,106.25,18.0, -167.139
3.55,2.82,2855.0,2.85,478.0,0.96,1.04,1.0,50.25,403.25,52.0, 91.303
3.55,2.82,2855.0,2.85,478.0,0.96,1.04,1.15,54.25,577.5,27.0, 80.341
3.55,2.82,2855.0,2.85,478.0,0.96,1.04,0.55,15.5,89.5,60.0, -128.219
3.55,2.82,2855.0,2.85,478.0,0.96,1.04,0.75,15.25,250.0,43.0, 84.849
2.4,2.58,4428.0,2.15,461.0,1.18,1.68,1.15,96.25,529.0,47.5, 105.208
2.4,2.58,4428.0,2.15,461.0,1.18,1.68,0.6,42.5,465.5,32.0, 91.723
2.4,2.58,4428.0,2.15,461.0,1.18,1.68,1.4,15.0,247.0,25.5, -467.242
2.4,2.58,4428.0,2.15,461.0,1.18,1.68,0.75,16.25,121.0,60.5, 89.685
2.6,3.48,3496.0,0.85,451.0,1.0,1.18,0.7,13.25,103.5,22.0, 83.812
2.6,3.48,3496.0,0.85,451.0,1.0,1.18,1.0,58.0,442.25,29.0, 85.400
2.6,3.48,3496.0,0.85,451.0,1.0,1.18,0.5,77.75,481.25,54.0, 99.717
2.6,3.48,3496.0,0.85,451.0,1.0,1.18,1.2,11.25,256.25,61.5, 95.688
4.9,3.66,3013.0,4.25,427.0,1.9,1.22,0.45,24.0,476.5,67.5, -1113.725
4.9,3.66,3013.0,4.25,427.0,1.9,1.22,1.1,22.25,157.5,14.5, -487.898
4.9,3.66,3013.0,4.25,427.0,1.9,1.22,0.85,47.75,454.0,39.0, 72.547
4.9,3.66,3013.0,4.25,427.0,1.9,1.22,1.4,37.75,231.5,47.5, 74.678
4.6,4.44,4636.0,4.6,369.0,0.68,0.6,0.55,14.25,531.25,68.0, 219.499
4.6,4.44,4636.0,4.6,369.0,0.68,0.6,0.9,45.0,225.5,44.0, 138.033
4.6,4.44,4636.0,4.6,369.0,0.68,0.6,1.3,12.5,91.25,38.0, 374.741
4.6,4.44,4636.0,4.6,369.0,0.68,0.6,0.85,47.25,415.0,23.0, 129.772
1.45,4.0,1961.0,4.55,439.0,1.42,1.38,0.65,55.5,279.0,74.5, 77.321
1.45,4.0,1961.0,4.55,439.0,1.42,1.38,1.3,56.75,556.5,35.0, 63.351
1.45,4.0,1961.0,4.55,439.0,1.42,1.38,1.1,23.5,409.5,19.0, -850.656
1.45,4.0,1961.0,4.55,439.0,1.42,1.38,0.45,22.5,141.25,55.5, 68.758
0.95,3.78,4792.0,2.9,596.0,1.7,1.8,1.25,102.0,537.75,73.5, 134.612
0.95,3.78,4792.0,2.9,596.0,1.7,1.8,0.9,28.75,406.5,30.5, 97.958
0.95,3.78,4792.0,2.9,596.0,1.7,1.8,1.1,12.25,207.75,17.5, -126.384
0.95,3.78,4792.0,2.9,596.0,1.7,1.8,0.6,37.25,238.75,57.0, 106.564
4.95,4.98,1670.0,2.65,408.0,1.88,1.6,0.4,31.0,219.75,51.0, 58.825
4.95,4.98,1670.0,2.65,408.0,1.88,1.6,1.4,38.5,471.25,20.0, 47.923
4.95,4.98,1670.0,2.65,408.0,1.88,1.6,0.8,29.0,163.25,60.0, 59.213
4.95,4.98,1670.0,2.65,408.0,1.88,1.6,1.1,22.0,402.0,29.5, -199.739
4.85,3.58,4565.0,2.7,323.0,1.04,0.46,0.9,45.75,563.5,46.5, 134.456
4.85,3.58,4565.0,2.7,323.0,1.04,0.46,0.45,53.0,356.5,40.0, 120.321
4.85,3.58,4565.0,2.7,323.0,1.04,0.46,0.9,67.5,338.75,60.0, 141.287
4.85,3.58,4565.0,2.7,323.0,1.04,0.46,1.2,9.0,87.75,16.5, 88.918
3.15,2.86,1888.0,1.55,572.0,0.42,0.94,1.15,45.75,568.0,18.0, 80.424
3.15,2.86,1888.0,1.55,572.0,0.42,0.94,0.7,10.0,89.75,45.5, -122.078
3.15,2.86,1888.0,1.55,572.0,0.42,0.94,1.3,45.5,347.0,74.0, -977.880
3.15,2.86,1888.0,1.55,572.0,0.42,0.94,0.65,51.75,270.5,32.0, 84.812
1.2,4.96,2080.0,2.45,451.0,1.66,1.34,0.6,25.5,169.25,12.0, -324.057
1.2,4.96,2080.0,2.45,451.0,1.66,1.34,0.8,86.25,473.0,49.0, 73.789
1.2,4.96,2080.0,2.45,451.0,1.66,1.34,1.0,8.5,340.25,65.0, 74.788
1.2,4.96,2080.0,2.45,451.0,1.66,1.34,1.2,22.25,309.5,43.0, 67.873
2.45,4.58,3618.0,1.1,594.0,0.72,1.72,0.7,20.75,344.0,33.0, 98.315
2.45,4.58,3618.0,1.1,594.0,0.72,1.72,0.45,36.75,483.25,68.5, -1391.154
2.45,4.58,3618.0,1.1,594.0,0.72,1.72,1.25,31.0,175.75,45.5, 102.038
2.45,4.58,3618.0,1.1,594.0,0.72,1.72,1.05,43.5,289.5,14.5, -561.633
2.1,3.26,2955.0,4.45,309.0,0.62,1.84,0.9,14.5,116.0,46.5, 71.967
2.1,3.26,2955.0,4.45,309.0,0.62,1.84,0.6,55.5,376.25,17.0, 66.497
2.1,3.26,2955.0,4.45,309.0,0.62,1.84,1.05,103.75,560.25,32.5, 80.614
2.1,3.26,2955.0,4.45,309.0,0.62,1.84,1.15,14.0,264.75,69.0, -1142.132
1.75,4.66,3444.0,3.5,309.0,1.12,0.56,0.7,43.25,290.25,35.5, 96.567
1.75,4.66,3444.0,3.5,309.0,1.12,0.56,1.1,16.5,472.0,18.0, 84.158
1.75,4.66,3444.0,3.5,309.0,1.12,0.56,1.2,58.75,346.75,69.0, 128.609
1.75,4.66,3444.0,3.5,309.0,1.12,0.56,0.45,19.0,190.0,51.5, 98.698
0.9,2.6,4003.0,1.15,517.0,1.34,0.5,0.45,29.5,459.0,70.5, 180.656
0.9,2.6,4003.0,1.15,517.0,1.34,0.5,1.35,57.5,332.75,39.0, 149.398
0.9,2.6,4003.0,1.15,517.0,1.34,0.5,1.05,17.25,109.0,55.5, 442.584
0.9,2.6,4003.0,1.15,517.0,1.34,0.5,0.75,8.75,497.5,21.0, 136.918
2.55,3.5,2811.0,2.0,354.0,1.04,0.5,1.15,64.5,335.25,51.5, 97.869
2.55,3.5,2811.0,2.0,354.0,1.04,0.5,1.0,81.75,575.5,43.0, 96.215
2.55,3.5,2811.0,2.0,354.0,1.04,0.5,0.4,14.75,198.0,20.5, 78.453
2.55,3.5,2811.0,2.0,354.0,1.04,0.5,0.65,49.25,468.0,72.5, 118.122
4.85,4.86,3271.0,2.4,387.0,1.82,1.08,0.7,13.0,309.5,64.5, -881.636
4.85,4.86,3271.0,2.4,387.0,1.82,1.08,0.45,14.25,158.75,15.5, -286.496
4.85,4.86,3271.0,2.4,387.0,1.82,1.08,1.25,89.75,459.75,31.0, 69.709
4.85,4.86,3271.0,2.4,387.0,1.82,1.08,0.95,61.0,509.25,53.5, 83.536
2.65,2.16,4262.0,5.0,475.0,1.28,1.0,0.55,34.25,206.75,48.5, -542.998
2.65,2.16,4262.0,5.0,475.0,1.28,1.0,1.15,17.5,359.75,71.0, -1357.407
2.65,2.16,4262.0,5.0,475.0,1.28,1.0,0.85,46.5,492.5,31.0, 102.593
2.65,2.16,4262.0,5.0,475.0,1.28,1.0,1.05,33.75,213.5,13.5, -388.150
1.0,3.98,3257.0,4.95,384.0,0.92,0.96,1.1,97.25,540.0,66.0, 131.938
1.0,3.98,3257.0,4.95,384.0,0.92,0.96,1.3,13.75,132.5,13.5, 80.447
1.0,3.98,3257.0,4.95,384.0,0.92,0.96,0.5,15.5,361.5,43.5, 97.001
1.0,3.98,3257.0,4.95,384.0,0.92,0.96,0.9,45.5,297.0,43.5, 98.129
