width,space,length,gnd_width,unshield_length,via_thickness,metal_thickness,vin,vrise,period,txres,delay,BER
1.3,3.72,3513,2.25,388,0.8,1.28,0.45,22.75,584.25,16,80.69,3.4131E-17
1.3,3.72,3513,2.25,388,0.8,1.28,1.15,20.25,176.5,74,99.893,0.010583
1.3,3.72,3513,2.25,388,0.8,1.28,0.8,45.75,287.75,63.5,109.32,0.00070401
1.3,3.72,3513,2.25,388,0.8,1.28,1.1,9,225,43,91.422,0.00001878
1.3,3.72,3513,2.25,388,0.8,1.28,1.2,89.5,547.25,61,118.878,4.2219E-19
1.3,3.72,3513,2.25,388,0.8,1.28,1.35,47.5,402.25,46.5,99.113,1.3942E-12
1.3,3.72,3513,2.25,388,0.8,1.28,0.65,65.75,454,30.5,90.756,2.4696E-29
1.3,3.72,3513,2.25,388,0.8,1.28,0.95,27.75,387.25,32.5,89.272,3.3597E-23
1.3,3.72,3513,2.25,388,0.8,1.28,0.75,60.25,314,55,102.7,0.0000050739
1.3,3.72,3513,2.25,388,0.8,1.28,0.6,13.75,128.25,18.5,84.187,0.0000031959
2.1,2.14,3759,4.9,418,0.64,0.62,0.7,20,332.75,56.5,-1097.527,0.065394
2.1,2.14,3759,4.9,418,0.64,0.62,1.25,36.25,380.5,72.5,-1273.106,0.021077
2.1,2.14,3759,4.9,418,0.64,0.62,0.8,17.5,96.5,25.5,-125.72,0.072973
2.1,2.14,3759,4.9,418,0.64,0.62,0.55,38.75,251.75,50,-778.975,0.057744
2.1,2.14,3759,4.9,418,0.64,0.62,1.1,11.25,160.5,66,211.967,0.064633
2.1,2.14,3759,4.9,418,0.64,0.62,0.5,78.5,590.5,37.5,221.444,0.0074048
2.1,2.14,3759,4.9,418,0.64,0.62,1.3,35.5,191,20.5,128.999,0.070241
2.1,2.14,3759,4.9,418,0.64,0.62,0.95,16.75,499,14.5,178.45,0.00046482
2.1,2.14,3759,4.9,418,0.64,0.62,1.1,51.5,452.5,34,199.479,0.00066599
2.1,2.14,3759,4.9,418,0.64,0.62,0.85,32.75,427.25,48,-1054.22,0.02958
4.9,2.54,2844,0.95,583,0.86,1.82,0.75,79.75,488.5,25.5,75.562,0.000055773
4.9,2.54,2844,0.95,583,0.86,1.82,1.2,65.5,393.5,45,85.919,0.000059059
4.9,2.54,2844,0.95,583,0.86,1.82,0.55,30.25,200.75,70.5,-538.929,0.01813
4.9,2.54,2844,0.95,583,0.86,1.82,0.8,28.5,259,66.5,-721.078,0.0026764
4.9,2.54,2844,0.95,583,0.86,1.82,0.6,14.75,540,16,-1121.835,0.0031957
4.9,2.54,2844,0.95,583,0.86,1.82,1,16,160.25,38.5,-279.742,0.0010455
4.9,2.54,2844,0.95,583,0.86,1.82,1.35,15.75,340,59.5,-1480.499,0.000067269
4.9,2.54,2844,0.95,583,0.86,1.82,1.05,108.75,568,31,77.914,0.000000056336
4.9,2.54,2844,0.95,583,0.86,1.82,0.4,23,328.75,22.5,-655.572,0.013692
4.9,2.54,2844,0.95,583,0.86,1.82,1.15,16,113.75,52,-179.292,0.010781
2.95,2.08,2451,3.25,546,0.74,0.42,1,39.75,399,64.5,120.578,0.0000030055
2.95,2.08,2451,3.25,546,0.74,0.42,0.75,31,243.75,37.5,105.602,0.000015982
2.95,2.08,2451,3.25,546,0.74,0.42,1.25,19.5,476.5,34,104.089,3.0954E-15
2.95,2.08,2451,3.25,546,0.74,0.42,0.65,15.75,98.75,13,-136.576,0.051129
2.95,2.08,2451,3.25,546,0.74,0.42,1.2,17.25,235.5,51.5,110.215,0.0004129
2.95,2.08,2451,3.25,546,0.74,0.42,0.5,9.5,562.75,58.5,117.712,9.5078E-10
2.95,2.08,2451,3.25,546,0.74,0.42,1.35,96.75,515,26.5,102.606,9.8172E-15
2.95,2.08,2451,3.25,546,0.74,0.42,0.6,30,367,69,126.761,0.0003357
2.95,2.08,2451,3.25,546,0.74,0.42,0.95,53.25,295.5,21,97.506,1.2418E-10
2.95,2.08,2451,3.25,546,0.74,0.42,0.85,28.25,173,47,106.501,0.0013367
2.25,3.26,2401,2.55,523,1.52,1.72,1.15,53.25,352.25,70,81.192,0.0000000070983
2.25,3.26,2401,2.55,523,1.52,1.72,0.5,38.75,193.5,52,72.484,0.010724
2.25,3.26,2401,2.55,523,1.52,1.72,0.8,62,429.5,61,78.861,0.000000003296
2.25,3.26,2401,2.55,523,1.52,1.72,1.25,27.25,335.5,25.5,65.49,0.00014116
2.25,3.26,2401,2.55,523,1.52,1.72,0.95,18.25,133.75,38,-230.664,0.000080004
2.25,3.26,2401,2.55,523,1.52,1.72,1.3,26.75,530.5,34.5,69.085,0.0000000015147
2.25,3.26,2401,2.55,523,1.52,1.72,1,29.75,266.25,17,60.243,0.087073
2.25,3.26,2401,2.55,523,1.52,1.72,0.5,8.5,485.75,24,-1012.113,0.00017312
2.25,3.26,2401,2.55,523,1.52,1.72,0.85,103.25,595,64.5,86.741,1.3087E-41
2.25,3.26,2401,2.55,523,1.52,1.72,0.65,13.25,126.5,44,-214.812,0.00022237
2.95,4.62,3941,4.3,515,0.82,1.8,0.8,15,302.25,24,-587.444,0.000000030135
2.95,4.62,3941,4.3,515,0.82,1.8,1.05,9.25,374.5,16.5,-745.452,0.000034313
2.95,4.62,3941,4.3,515,0.82,1.8,1.35,57,395.75,70.5,-1569.27,0.00027413
2.95,4.62,3941,4.3,515,0.82,1.8,0.95,33.75,214,58,-565.308,0.0087034
2.95,4.62,3941,4.3,515,0.82,1.8,0.5,24.5,277.75,68.5,-766.707,0.0045536
2.95,4.62,3941,4.3,515,0.82,1.8,1.3,37.75,591,48,103.162,8.9708E-11
2.95,4.62,3941,4.3,515,0.82,1.8,0.75,17.25,129.5,34,-205.47,0.001103
2.95,4.62,3941,4.3,515,0.82,1.8,1.15,28,151,30.5,95.188,0.000059786
2.95,4.62,3941,4.3,515,0.82,1.8,0.4,50.25,507.5,42.5,102.559,2.8962E-11
2.95,4.62,3941,4.3,515,0.82,1.8,0.65,91,494.5,56,121.886,0.000000037659
4.7,2.22,2004,4.7,319,1.02,1.2,1.2,67.5,466.5,51,72.621,7.2544E-18
4.7,2.22,2004,4.7,319,1.02,1.2,1.2,32.25,347.5,28.5,59.981,1.0696E-15
4.7,2.22,2004,4.7,319,1.02,1.2,0.95,31,438,31,59.666,6.4846E-19
4.7,2.22,2004,4.7,319,1.02,1.2,0.65,24.75,192.75,21.5,54.991,0.014928
4.7,2.22,2004,4.7,319,1.02,1.2,1.35,14.25,329.75,43.5,64.511,7.6177E-11
4.7,2.22,2004,4.7,319,1.02,1.2,0.55,89,501.25,56.5,88.392,1.6205E-23
4.7,2.22,2004,4.7,319,1.02,1.2,0.45,9,96.5,15,-158.27,0.0020265
4.7,2.22,2004,4.7,319,1.02,1.2,0.9,52.5,572.25,49,71.78,3.9711E-39
4.7,2.22,2004,4.7,319,1.02,1.2,0.75,40.5,270.5,64.5,-1183.23,0.000077164
4.7,2.22,2004,4.7,319,1.02,1.2,1.05,35.5,179.5,70.5,-493.626,0.0043197
3.65,2.78,3427,3.15,510,0.86,1.74,1.25,56.5,460.25,22,83.68,0.0000035113
3.65,2.78,3427,3.15,510,0.86,1.74,0.8,105,589.75,46.5,104.868,1.9609E-11
3.65,2.78,3427,3.15,510,0.86,1.74,1.35,14.75,348,71,-1510.088,0.00018402
3.65,2.78,3427,3.15,510,0.86,1.74,0.9,20.75,230.25,51,-686.909,0.0012107
3.65,2.78,3427,3.15,510,0.86,1.74,1.15,19.75,137,25,-224.829,0.000015982
3.65,2.78,3427,3.15,510,0.86,1.74,0.65,108.25,544,32,90.555,8.9416E-15
3.65,2.78,3427,3.15,510,0.86,1.74,0.85,58,393.75,57.5,-1126.682,0.000014769
3.65,2.78,3427,3.15,510,0.86,1.74,1.05,33,310,15.5,78.631,0.001914
3.65,2.78,3427,3.15,510,0.86,1.74,0.45,8,122.25,41,-194.644,0.0061573
3.65,2.78,3427,3.15,510,0.86,1.74,0.55,17.75,272.75,67.5,-966.557,0.00073384
2.7,2.16,1700,1.15,589,1.62,1.38,1.25,23.75,227.75,24.5,59.392,0.08899
2.7,2.16,1700,1.15,589,1.62,1.38,1.3,79.5,459.25,38,64.359,0.000040067
2.7,2.16,1700,1.15,589,1.62,1.38,0.9,85.5,541.25,71.5,82.061,2.5762E-14
2.7,2.16,1700,1.15,589,1.62,1.38,0.7,47.5,390.25,45.5,69.003,0.0018304
2.7,2.16,1700,1.15,589,1.62,1.38,0.75,15,163.75,18,-313.461,0.067719
2.7,2.16,1700,1.15,589,1.62,1.38,1.1,12.25,111,54,-180.694,0.0012514
2.7,2.16,1700,1.15,589,1.62,1.38,0.6,21.75,549.75,66,74.707,7.5576E-16
2.7,2.16,1700,1.15,589,1.62,1.38,1.05,11,236.75,37,65.109,0.017646
2.7,2.16,1700,1.15,589,1.62,1.38,0.95,55.5,425.5,27,62.322,0.00091351
2.7,2.16,1700,1.15,589,1.62,1.38,0.4,63.75,324,56.5,74.155,0.00029193
3.3,4.4,2729,4.5,574,1.88,1.6,1.2,21.25,357.5,29.5,-724.723,0.00021988
3.3,4.4,2729,4.5,574,1.88,1.6,1.4,75.5,457.25,22,64.65,0.00028448
3.3,4.4,2729,4.5,574,1.88,1.6,0.7,64,583.5,41.5,74.575,1.9189E-27
3.3,4.4,2729,4.5,574,1.88,1.6,1.2,41.25,266.25,68.5,83.31,0.0017899
3.3,4.4,2729,4.5,574,1.88,1.6,0.95,54.75,405.75,70.5,86.217,0.0000000028556
3.3,4.4,2729,4.5,574,1.88,1.6,0.85,20,499.5,54,78.962,1.1647E-14
3.3,4.4,2729,4.5,574,1.88,1.6,0.45,8.25,223.25,17.5,-710.056,0.058674
3.3,4.4,2729,4.5,574,1.88,1.6,0.7,30.25,325.25,60,80.515,0.0000012818
3.3,4.4,2729,4.5,574,1.88,1.6,0.5,16.25,81.5,34,-112.677,0.037702
3.3,4.4,2729,4.5,574,1.88,1.6,1.05,21.5,178.25,45.5,-324.292,0.064255
1.05,3.1,2555,4.9,428,1.3,1.62,1.05,15.75,175,42.5,72.657,0.011215
1.05,3.1,2555,4.9,428,1.3,1.62,0.7,93.5,528.5,50.5,85.331,1.5678E-22
1.05,3.1,2555,4.9,428,1.3,1.62,0.45,30.5,399,60.5,80.596,0.0000012386
1.05,3.1,2555,4.9,428,1.3,1.62,1.2,26.25,191.25,47.5,73.834,0.0039654
1.05,3.1,2555,4.9,428,1.3,1.62,1.35,9.5,88.25,14,-132.983,0.010009
1.05,3.1,2555,4.9,428,1.3,1.62,1,8.5,284.25,22,65.555,0.0012891
1.05,3.1,2555,4.9,428,1.3,1.62,1.1,59.25,367.25,71.5,-1049.969,0.0000028127
1.05,3.1,2555,4.9,428,1.3,1.62,0.55,57,458.5,66,86.705,5.1723E-10
1.05,3.1,2555,4.9,428,1.3,1.62,0.85,109.75,578.75,30.5,71.428,6.2538E-38
1.05,3.1,2555,4.9,428,1.3,1.62,0.7,35.25,338.75,32.5,70.261,0.000020216
4.35,4.12,2218,1.2,526,1.6,1.9,0.4,67.25,348,35,64.374,0.0011712
4.35,4.12,2218,1.2,526,1.6,1.9,0.95,18.75,156,63,-458.074,0.018264
4.35,4.12,2218,1.2,526,1.6,1.9,1.05,14.25,199.75,60,70.831,0.013483
4.35,4.12,2218,1.2,526,1.6,1.9,0.55,64,396,39.5,65.448,0.00000067584
4.35,4.12,2218,1.2,526,1.6,1.9,1.3,10,522,17,-1094.933,0.00032961
4.35,4.12,2218,1.2,526,1.6,1.9,0.7,55.75,310,48.5,69.376,0.00032601
4.35,4.12,2218,1.2,526,1.6,1.9,1.1,20,247.5,25,-490.301,0.036807
4.35,4.12,2218,1.2,526,1.6,1.9,0.85,15.5,110,22.5,-178.812,0.0044483
4.35,4.12,2218,1.2,526,1.6,1.9,1.3,63,447.25,69.5,78.193,0.000000023941
4.35,4.12,2218,1.2,526,1.6,1.9,0.8,44.25,563.75,53,70.992,7.1051E-30
3.15,3.88,4574,3.35,465,1.18,1.54,0.7,8.25,108,26,-159.239,0.0014225
3.15,3.88,4574,3.35,465,1.18,1.54,0.45,44.75,331,63,-924.469,0.00019189
3.15,3.88,4574,3.35,465,1.18,1.54,0.9,30.5,598.75,56.5,108.917,2.2349E-15
3.15,3.88,4574,3.35,465,1.18,1.54,0.6,26.25,145.75,21.5,-239.126,0.00000020963
3.15,3.88,4574,3.35,465,1.18,1.54,0.65,68,427.75,34,96.187,1.1686E-15
3.15,3.88,4574,3.35,465,1.18,1.54,1.35,18,383.5,12.5,-768.427,0.00000074341
3.15,3.88,4574,3.35,465,1.18,1.54,1.15,49,449.25,48,102.332,0.000000003105
3.15,3.88,4574,3.35,465,1.18,1.54,1,47,247.5,70.5,-671.145,0.0014086
3.15,3.88,4574,3.35,465,1.18,1.54,0.95,21.25,201.25,52.5,100.786,0.012035
3.15,3.88,4574,3.35,465,1.18,1.54,1.25,39.75,528.5,43,99.646,2.4819E-22
3.5,4.7,3725,2.95,356,1.74,0.64,1.15,46.25,548,17.5,75.66,4.6024E-26
3.5,4.7,3725,2.95,356,1.74,0.64,0.95,24,140,41.5,84.046,0.00020936
3.5,4.7,3725,2.95,356,1.74,0.64,0.5,38.25,231.25,69,97.925,0.0038039
3.5,4.7,3725,2.95,356,1.74,0.64,0.5,56.5,543.75,67,103.752,6.3744E-16
3.5,4.7,3725,2.95,356,1.74,0.64,1.25,66,476.25,34.5,85.401,1.1108E-35
3.5,4.7,3725,2.95,356,1.74,0.64,1,33.5,294.75,55.5,95.023,0.0000031361
3.5,4.7,3725,2.95,356,1.74,0.64,0.8,8.5,90,45,77.676,0.037212
3.5,4.7,3725,2.95,356,1.74,0.64,1.35,67.75,347.5,29,82.327,1.5303E-28
3.5,4.7,3725,2.95,356,1.74,0.64,0.85,17.25,260.5,22,77.601,5.7214E-36
3.5,4.7,3725,2.95,356,1.74,0.64,0.7,18,416.75,59.5,93.417,7.9481E-10
3.75,2.36,1983,2.3,555,1.6,0.76,1,23.25,308.25,60.5,78.935,0.00032481
3.75,2.36,1983,2.3,555,1.6,0.76,0.95,51.25,482.25,39,72.145,0.000000024486
3.75,2.36,1983,2.3,555,1.6,0.76,1.15,24.75,139,20.5,-240.246,0.00008428
3.75,2.36,1983,2.3,555,1.6,0.76,0.55,14,241.75,32.5,69.352,0.012481
3.75,2.36,1983,2.3,555,1.6,0.76,1.35,12.75,386.25,54,77.214,0.000018456
3.75,2.36,1983,2.3,555,1.6,0.76,0.45,68,567.25,46.5,76.583,1.5464E-18
3.75,2.36,1983,2.3,555,1.6,0.76,0.85,46,514.75,68.5,83.29,1.3163E-10
3.75,2.36,1983,2.3,555,1.6,0.76,1.25,19.25,101,73.5,-157.239,0.058091
3.75,2.36,1983,2.3,555,1.6,0.76,0.8,35.25,213.25,13.5,-416.86,0.059854
3.75,2.36,1983,2.3,555,1.6,0.76,0.65,58,419,29,68.485,0.00092912
2.9,2.64,4734,4.3,354,1.58,0.66,1.35,11.25,100.75,48,89.84,0.020526
2.9,2.64,4734,4.3,354,1.58,0.66,0.45,34.25,188.25,24,94.487,0.0000000035827
2.9,2.64,4734,4.3,354,1.58,0.66,0.5,11.25,476.5,51,107.936,3.4916E-12
2.9,2.64,4734,4.3,354,1.58,0.66,0.9,36.5,238.75,74.5,116.623,0.0063872
2.9,2.64,4734,4.3,354,1.58,0.66,0.6,42,288.5,40.5,102.741,0.00000032624
2.9,2.64,4734,4.3,354,1.58,0.66,1.05,84.25,426.25,60,125.293,0.000000050755
2.9,2.64,4734,4.3,354,1.58,0.66,0.75,16.75,144.5,67.5,101.445,0.022057
2.9,2.64,4734,4.3,354,1.58,0.66,1.15,24.25,572.5,32.5,96.893,4.2518E-45
2.9,2.64,4734,4.3,354,1.58,0.66,1.25,29.75,341,12.5,86.639,3.2193E-39
2.9,2.64,4734,4.3,354,1.58,0.66,0.95,58.75,509.5,26,95.945,1.1596E-38
1.9,3.66,1799,3.9,424,1.98,0.72,0.6,47,463.75,18.5,55.635,0.000000010718
1.9,3.66,1799,3.9,424,1.98,0.72,1.3,58.25,371.5,38.5,64.789,6.5503E-11
1.9,3.66,1799,3.9,424,1.98,0.72,0.95,25.5,276,30,60.289,0.000074719
1.9,3.66,1799,3.9,424,1.98,0.72,0.85,23,443.5,58,71.23,1.1757E-30
1.9,3.66,1799,3.9,424,1.98,0.72,0.65,90.5,548.25,53,74.064,3.5439E-90
1.9,3.66,1799,3.9,424,1.98,0.72,0.4,10,201.25,72,72.443,0.00021415
1.9,3.66,1799,3.9,424,1.98,0.72,1.05,22.5,147.25,46.5,64.981,0.000011377
1.9,3.66,1799,3.9,424,1.98,0.72,1.2,23.25,303,15.5,54.626,0.000081951
1.9,3.66,1799,3.9,424,1.98,0.72,0.7,104,535,67.5,84.225,1.9331E-72
1.9,3.66,1799,3.9,424,1.98,0.72,1.15,16.75,115.25,31,-12.931,4.8888E-10
0.9,2.66,1789,2.1,559,0.68,0.86,0.95,56.5,335.25,38.5,86.243,0.0000000022866
0.9,2.66,1789,2.1,559,0.68,0.86,0.75,34,347.75,55,92.265,0.000000078566
0.9,2.66,1789,2.1,559,0.68,0.86,0.65,81.25,536.5,61,102.577,2.6189E-23
0.9,2.66,1789,2.1,559,0.68,0.86,1.2,30.5,245,25.5,79.465,0.00000050675
0.9,2.66,1789,2.1,559,0.68,0.86,1.35,24,495.5,12.5,72.796,0.0000019941
0.9,2.66,1789,2.1,559,0.68,0.86,0.55,8.75,83.75,63,82.077,0.036807
0.9,2.66,1789,2.1,559,0.68,0.86,1.05,28.75,195.5,44,86.481,0.000047898
0.9,2.66,1789,2.1,559,0.68,0.86,0.85,81.75,442.75,70,105.794,3.3246E-12
0.9,2.66,1789,2.1,559,0.68,0.86,0.4,12.75,155.5,20.5,81.316,4.8888E-10
0.9,2.66,1789,2.1,559,0.68,0.86,1.15,49,555.75,35,84.255,4.7948E-16
4.55,3.9,4183,3.05,344,1.18,1.46,0.45,50.5,389,32.5,83.408,4.4672E-13
4.55,3.9,4183,3.05,344,1.18,1.46,0.55,83.5,419.5,23,78.561,7.1044E-13
4.55,3.9,4183,3.05,344,1.18,1.46,1.25,24.5,182.25,44,83.403,0.0097196
4.55,3.9,4183,3.05,344,1.18,1.46,0.7,50,574.25,58,-1524.102,1.4822E-13
4.55,3.9,4183,3.05,344,1.18,1.46,0.7,36.75,327.75,65,-1425.99,0.00010404
4.55,3.9,4183,3.05,344,1.18,1.46,1.4,9.75,90.25,38,-131.303,0.01338
4.55,3.9,4183,3.05,344,1.18,1.46,1.1,19,273,56,-759.488,0.000061517
4.55,3.9,4183,3.05,344,1.18,1.46,1,81,498,15.5,71.966,0.000000088024
4.55,3.9,4183,3.05,344,1.18,1.46,1.15,12,484.75,29,80.105,9.7509E-13
4.55,3.9,4183,3.05,344,1.18,1.46,0.9,33.5,189,70.5,-714.036,0.0086798
1.75,3.2,3152,3.2,493,0.78,1.9,0.4,41.75,295.5,18,73.493,0.0060708
1.75,3.2,3152,3.2,493,0.78,1.9,0.8,19.5,385.5,27,80.724,0.000000061493
1.75,3.2,3152,3.2,493,0.78,1.9,1,17,511.75,70,-2276.498,2.4002E-11
1.75,3.2,3152,3.2,493,0.78,1.9,0.6,30.75,406.25,62.5,-1168.779,0.00000026934
1.75,3.2,3152,3.2,493,0.78,1.9,0.55,36,204.25,32.5,-375.797,0.015738
1.75,3.2,3152,3.2,493,0.78,1.9,1.35,33,270.75,67,-751.707,0.00033693
1.75,3.2,3152,3.2,493,0.78,1.9,1.05,105.75,568,23.5,77.559,6.2203E-12
1.75,3.2,3152,3.2,493,0.78,1.9,0.85,74.75,493.75,50,93.764,5.6774E-13
1.75,3.2,3152,3.2,493,0.78,1.9,1.3,11,99.75,48.5,-149.505,0.016919
1.75,3.2,3152,3.2,493,0.78,1.9,1.15,18,144,42,85.075,0.0014319
4.65,2.48,3288,1.05,534,1.1,1.24,0.85,59.75,499.75,42,88.726,0.00000075089
4.65,2.48,3288,1.05,534,1.1,1.24,1.1,9.5,116.25,20,-179.891,0.0062801
4.65,2.48,3288,1.05,534,1.1,1.24,0.7,58.25,573.25,17.5,76.221,0.000037162
4.65,2.48,3288,1.05,534,1.1,1.24,1.25,28,452.25,24.5,81.232,0.000078414
4.65,2.48,3288,1.05,534,1.1,1.24,0.55,27,157.75,57,90.685,0.00887
4.65,2.48,3288,1.05,534,1.1,1.24,0.5,36.5,274.75,44,88.733,0.00024699
4.65,2.48,3288,1.05,534,1.1,1.24,0.8,20,213.25,63,91.895,0.013727
4.65,2.48,3288,1.05,534,1.1,1.24,1.4,16,373.25,36.5,85.392,0.0000078725
4.65,2.48,3288,1.05,534,1.1,1.24,1.1,76.5,400,51,93.719,0.000016052
4.65,2.48,3288,1.05,534,1.1,1.24,1,52.25,337,73,-952.654,0.0005063
2.85,2.1,3129,2.85,560,1,0.44,0.7,83.5,495,49.5,121.824,1.6784E-11
2.85,2.1,3129,2.85,560,1,0.44,1.1,23.25,339,21.5,101.292,5.877E-16
2.85,2.1,3129,2.85,560,1,0.44,0.95,26,206.5,61,116.275,0.004358
2.85,2.1,3129,2.85,560,1,0.44,0.85,19,113.25,72.5,103.424,0.053808
2.85,2.1,3129,2.85,560,1,0.44,0.6,32.25,437.25,50,116.761,0.0000000043065
2.85,2.1,3129,2.85,560,1,0.44,1.4,114.75,593.25,28.5,109.772,9.9136E-25
2.85,2.1,3129,2.85,560,1,0.44,0.45,35,257.75,38.5,109.387,0.0000034622
2.85,2.1,3129,2.85,560,1,0.44,0.7,24.75,500,34.5,108.254,3.5307E-17
2.85,2.1,3129,2.85,560,1,0.44,1.05,19.75,181,64.5,114.502,0.0064594
2.85,2.1,3129,2.85,560,1,0.44,1.3,12.25,373.5,14.5,97.364,9.3516E-22
3.8,2.3,2575,2.45,319,0.62,1.26,0.75,35.5,189.25,18.5,-358.822,0.0001622
3.8,2.3,2575,2.45,319,0.62,1.26,1.15,19.5,146.75,13,-259.949,0.00000019273
3.8,2.3,2575,2.45,319,0.62,1.26,0.5,74,431.5,73,124.181,0.0000045399
3.8,2.3,2575,2.45,319,0.62,1.26,0.95,72,563.5,57,113.259,2.0428E-16
3.8,2.3,2575,2.45,319,0.62,1.26,0.5,13.25,104.5,46.5,69.957,0.021848
3.8,2.3,2575,2.45,319,0.62,1.26,1.3,40.25,517,34,75.29,1.0763E-18
3.8,2.3,2575,2.45,319,0.62,1.26,0.6,39.25,246.5,26.5,71.598,0.00000011705
3.8,2.3,2575,2.45,319,0.62,1.26,1.4,27.75,377.5,52.5,-1244.777,0.00000021184
3.8,2.3,2575,2.45,319,0.62,1.26,1.05,21.25,450.75,66.5,-1771.901,0.000012324
3.8,2.3,2575,2.45,319,0.62,1.26,0.85,11.75,289,40,76.16,0.00000062356
2.45,2.98,4479,3.3,358,0.8,1.26,0.65,81,578,33,105.384,3.9068E-43
2.45,2.98,4479,3.3,358,0.8,1.26,0.85,42.75,262.5,73.5,120.238,0.0089665
2.45,2.98,4479,3.3,358,0.8,1.26,0.55,16,481.75,60.5,-1880.717,0.0000025699
2.45,2.98,4479,3.3,358,0.8,1.26,0.75,59.25,308.25,45,108.294,0.000084618
2.45,2.98,4479,3.3,358,0.8,1.26,1.35,27.25,511.75,16,89.447,4.7025E-14
2.45,2.98,4479,3.3,358,0.8,1.26,1,44.25,436.25,66.5,-1687.162,0.000056926
2.45,2.98,4479,3.3,358,0.8,1.26,1.2,21,158.75,20.5,94.711,0.000000056646
2.45,2.98,4479,3.3,358,0.8,1.26,1.1,62.75,360,41,106.901,0.00000013164
2.45,2.98,4479,3.3,358,0.8,1.26,1.3,14,204.25,25.5,95.91,0.00000022558
2.45,2.98,4479,3.3,358,0.8,1.26,0.5,12.75,106,55,89.933,0.034993
2.05,4.9,1597,4.6,327,0.88,1.6,0.45,13.5,148.25,56.5,59.098,0.0042193
2.05,4.9,1597,4.6,327,0.88,1.6,1.15,48,487,72.5,-1996.023,2.0158E-29
2.05,4.9,1597,4.6,327,0.88,1.6,0.55,12,432.5,15.5,-909.606,0.000044459
2.05,4.9,1597,4.6,327,0.88,1.6,1.3,34.25,301.75,39,57.385,2.4897E-16
2.05,4.9,1597,4.6,327,0.88,1.6,1.25,69,364.25,66.5,71.704,4.5838E-12
2.05,4.9,1597,4.6,327,0.88,1.6,0.8,23.25,285.75,25,52.603,0.00015251
2.05,4.9,1597,4.6,327,0.88,1.6,1,91.5,597,52,68.143,2.6388E-166
2.05,4.9,1597,4.6,327,0.88,1.6,0.85,36.75,201,24,50.666,0.0072226
2.05,4.9,1597,4.6,327,0.88,1.6,0.7,9.25,92.25,31,-153.52,0.000016479
2.05,4.9,1597,4.6,327,0.88,1.6,1.05,70.75,507.75,45.5,61.272,4.2052E-148
4.55,4.82,1586,0.8,437,0.98,0.72,1.3,25,544,12.5,-1147.632,0.000000027707
4.55,4.82,1586,0.8,437,0.98,0.72,0.75,20.5,287,42.5,66.575,0.0000090551
4.55,4.82,1586,0.8,437,0.98,0.72,0.85,27.25,209.5,56,71.04,0.00015548
4.55,4.82,1586,0.8,437,0.98,0.72,0.7,63.25,461.25,64,81.963,1.4693E-14
4.55,4.82,1586,0.8,437,0.98,0.72,1.2,9,88,45,-137.326,0.010279
4.55,4.82,1586,0.8,437,0.98,0.72,1.05,28.5,346.25,69,77.494,0.000010267
4.55,4.82,1586,0.8,437,0.98,0.72,0.9,46,297,59,73.561,0.0000054626
4.55,4.82,1586,0.8,437,0.98,0.72,0.55,74.25,425.75,23,58.292,0.000020747
4.55,4.82,1586,0.8,437,0.98,0.72,0.5,113.25,598,31,62.571,2.8354E-18
4.55,4.82,1586,0.8,437,0.98,0.72,1.35,18.5,153.75,29,-283.35,1.689E-16
3.2,3.5,2037,3.55,336,0.46,1.44,1.3,42.25,563.25,46.5,84.605,1.4678E-21
3.2,3.5,2037,3.55,336,0.46,1.44,1.3,18.75,290.75,35.5,74.109,0.000000004992
3.2,3.5,2037,3.55,336,0.46,1.44,0.65,15.75,93.5,56,-152.15,0.054247
3.2,3.5,2037,3.55,336,0.46,1.44,0.45,101.25,529.75,14,59.806,7.1811E-11
3.2,3.5,2037,3.55,336,0.46,1.44,0.8,47.25,346.75,67,-1342.364,0.00036375
3.2,3.5,2037,3.55,336,0.46,1.44,1.1,8.5,140.25,43.5,73.788,0.0091868
3.2,3.5,2037,3.55,336,0.46,1.44,0.6,47.25,487.75,71,128.317,0.00000012022
3.2,3.5,2037,3.55,336,0.46,1.44,0.95,48.75,411.25,26,70.501,7.2077E-13
3.2,3.5,2037,3.55,336,0.46,1.44,1.2,50.25,279.25,20,67.36,0.00000013737
3.2,3.5,2037,3.55,336,0.46,1.44,0.85,14,199.5,52,-551.035,0.0026273
2.45,2.86,3687,1.4,551,1.68,1.44,0.95,21,301.75,73,96.936,0.0004265
2.45,2.86,3687,1.4,551,1.68,1.44,0.8,87.75,451,59.5,97.731,0.000000074012
2.45,2.86,3687,1.4,551,1.68,1.44,1.25,71.5,558.75,67.5,101.389,6.8033E-15
2.45,2.86,3687,1.4,551,1.68,1.44,0.4,10.75,209.25,49.5,88.772,0.0039772
2.45,2.86,3687,1.4,551,1.68,1.44,0.55,15.5,236.25,27,-448.666,0.00023089
2.45,2.86,3687,1.4,551,1.68,1.44,0.65,57.5,359,35,84.289,0.0000071566
2.45,2.86,3687,1.4,551,1.68,1.44,1.15,46.5,393,56,93.87,0.0000000072237
2.45,2.86,3687,1.4,551,1.68,1.44,0.85,44.5,513,18.5,-1060.407,0.00084474
2.45,2.86,3687,1.4,551,1.68,1.44,1.35,12.75,98.25,40,-141.142,0.0056869
2.45,2.86,3687,1.4,551,1.68,1.44,1.05,30.25,176.75,14.5,-314.062,0.000050955
1.25,2.18,2689,1.7,325,1.66,0.86,1.2,15.5,158.25,65.5,78.995,0.0018363
1.25,2.18,2689,1.7,325,1.66,0.86,0.7,9.75,371.25,25,66.249,5.8443E-13
1.25,2.18,2689,1.7,325,1.66,0.86,0.95,16.5,416.25,46.5,76.344,6.9923E-36
1.25,2.18,2689,1.7,325,1.66,0.86,0.65,64.25,588,70,97.245,1.1394E-45
1.25,2.18,2689,1.7,325,1.66,0.86,0.55,80.75,497.75,23.5,69.393,4.8178E-35
1.25,2.18,2689,1.7,325,1.66,0.86,1.15,19.25,128.75,16.5,66.278,1.0858E-12
1.25,2.18,2689,1.7,325,1.66,0.86,0.5,42.75,447.75,38.5,74.446,4.9025E-29
1.25,2.18,2689,1.7,325,1.66,0.86,0.8,48.25,264.25,36.5,74.11,1.9329E-12
1.25,2.18,2689,1.7,325,1.66,0.86,1,19.25,294,61,83.176,0.00000066573
1.25,2.18,2689,1.7,325,1.66,0.86,1.35,37,191.5,51,78.417,0.000023608
2.95,3.04,4353,1.65,448,1.96,1.16,0.75,82,462.5,26.5,82.643,0.000000033882
2.95,3.04,4353,1.65,448,1.96,1.16,0.9,51.5,542,57,96.394,3.9465E-13
2.95,3.04,4353,1.65,448,1.96,1.16,0.7,30.75,349.75,52.5,93.848,2.8491E-12
2.95,3.04,4353,1.65,448,1.96,1.16,0.85,16.75,409,17,78.751,0.00028765
2.95,3.04,4353,1.65,448,1.96,1.16,1.25,42,286.75,32,85.953,3.0995E-12
2.95,3.04,4353,1.65,448,1.96,1.16,1,11,101,47,85.316,0.041194
2.95,3.04,4353,1.65,448,1.96,1.16,1.15,31.75,161,65.5,93.726,0.0069662
2.95,3.04,4353,1.65,448,1.96,1.16,0.4,53.5,329.5,23,80.898,0.00000041115
2.95,3.04,4353,1.65,448,1.96,1.16,1.3,10.5,205,73,93.79,0.0080421
2.95,3.04,4353,1.65,448,1.96,1.16,0.55,62.5,562.75,39,88.523,1.0332E-17
1.25,3.96,3555,2.55,485,0.52,2,1.3,17,117.75,44.5,90.613,0.039035
1.25,3.96,3555,2.55,485,0.52,2,0.85,9.25,494.25,36,98.764,3.3301E-21
1.25,3.96,3555,2.55,485,0.52,2,0.4,41.75,242.25,70.5,-653.298,0.0028812
1.25,3.96,3555,2.55,485,0.52,2,0.6,24.25,526,53,106.058,6.3558E-10
1.25,3.96,3555,2.55,485,0.52,2,0.65,52.25,590.25,19,90.03,2.6904E-11
1.25,3.96,3555,2.55,485,0.52,2,1.2,27.5,187.5,68.5,105.698,0.020976
1.25,3.96,3555,2.55,485,0.52,2,0.8,62.5,317.5,39.5,102.453,0.000000032951
1.25,3.96,3555,2.55,485,0.52,2,1.05,16.75,155.5,61.5,97.837,0.021178
1.25,3.96,3555,2.55,485,0.52,2,1.4,21.5,363.5,16,88.74,0.0000000053893
1.25,3.96,3555,2.55,485,0.52,2,0.9,69.75,442,25.5,95.018,1.2068E-15
3.05,2.52,1578,3.9,449,1.98,1.78,1.1,86,477.5,59.5,66.73,1.7297E-36
3.05,2.52,1578,3.9,449,1.98,1.78,0.5,23.75,311.75,73,-1375.179,0.0000023249
3.05,2.52,1578,3.9,449,1.98,1.78,0.6,8.5,261.75,13.5,-532.225,0.08755
3.05,2.52,1578,3.9,449,1.98,1.78,0.7,63.25,438.25,28.5,49.457,0.0000047776
3.05,2.52,1578,3.9,449,1.98,1.78,0.85,24,195,41,56.329,0.041637
3.05,2.52,1578,3.9,449,1.98,1.78,1.25,32.75,392,34.5,55.059,0.000094606
3.05,2.52,1578,3.9,449,1.98,1.78,1.05,17.25,100.5,53,-169.4,0.0029707
3.05,2.52,1578,3.9,449,1.98,1.78,0.9,18.75,151.5,46,55.969,0.049882
3.05,2.52,1578,3.9,449,1.98,1.78,0.6,104.75,526,64,75.188,3.4483E-32
3.05,2.52,1578,3.9,449,1.98,1.78,1.35,27.75,559.5,24,50.538,4.0362E-22
3.45,4.66,2890,2.5,539,0.66,0.82,0.6,77.75,393.5,14.5,86.345,0.00054347
3.45,4.66,2890,2.5,539,0.66,0.82,0.6,20.75,360.5,31.5,100.199,4.6788E-10
3.45,4.66,2890,2.5,539,0.66,0.82,1,15.25,150.5,56,98.174,0.010389
3.45,4.66,2890,2.5,539,0.66,0.82,1.35,9.75,185.75,49.5,102.848,0.0031285
3.45,4.66,2890,2.5,539,0.66,0.82,0.8,78.25,484.5,39,105.349,4.0813E-20
3.45,4.66,2890,2.5,539,0.66,0.82,0.45,76.25,555.25,27,97.199,3.6159E-12
3.45,4.66,2890,2.5,539,0.66,0.82,1.05,33.25,265,65,107.06,0.004771
3.45,4.66,2890,2.5,539,0.66,0.82,1.3,32,333.75,73.5,-929.396,0.0011595
3.45,4.66,2890,2.5,539,0.66,0.82,0.7,18,98.25,57,-137.374,0.056939
3.45,4.66,2890,2.5,539,0.66,0.82,1.1,28.25,537.5,23.5,93.551,0.000000030816
3.4,2.34,3735,2.05,577,0.64,1.14,1.3,52.5,524,75,-2028.076,0.0000093867
3.4,2.34,3735,2.05,577,0.64,1.14,0.8,10.75,216.25,34.5,112.463,0.000085297
3.4,2.34,3735,2.05,577,0.64,1.14,0.95,33.75,297.25,60.5,115.37,0.0045404
3.4,2.34,3735,2.05,577,0.64,1.14,0.85,27.5,155.75,68,106.877,0.04876
3.4,2.34,3735,2.05,577,0.64,1.14,1.05,23.5,125.5,43,-189.868,0.01338
3.4,2.34,3735,2.05,577,0.64,1.14,0.6,19.75,356.75,29.5,107.211,0.000000074821
3.4,2.34,3735,2.05,577,0.64,1.14,1.15,38.5,571.75,47.5,119.649,0.0000000024285
3.4,2.34,3735,2.05,577,0.64,1.14,1.3,40.75,257.75,16,-476.249,0.000001956
3.4,2.34,3735,2.05,577,0.64,1.14,0.5,41.25,490,21.5,101.713,0.0000021328
3.4,2.34,3735,2.05,577,0.64,1.14,0.4,58.25,409.25,54.5,124.482,0.000000012095
4.35,4.02,2885,3.85,489,0.78,0.68,0.7,31.5,213.75,22,-389.773,1.2827E-10
4.35,4.02,2885,3.85,489,0.78,0.68,0.45,14,80.5,67.5,-96.139,0.053699
4.35,4.02,2885,3.85,489,0.78,0.68,0.95,21.75,366.25,26.5,93.273,9.4033E-12
4.35,4.02,2885,3.85,489,0.78,0.68,0.6,46.5,574,59.5,112.14,0.000000079854
4.35,4.02,2885,3.85,489,0.78,0.68,0.85,10,330.25,54.5,105.715,0.000029597
4.35,4.02,2885,3.85,489,0.78,0.68,0.6,24.5,179,13,-311.877,0.00000030034
4.35,4.02,2885,3.85,489,0.78,0.68,1,100,533.25,43.5,108.994,1.0253E-12
4.35,4.02,2885,3.85,489,0.78,0.68,1.2,81.75,475,69,136.647,0.000015432
4.35,4.02,2885,3.85,489,0.78,0.68,1.35,20.75,420,39.5,98.399,1.0154E-10
4.35,4.02,2885,3.85,489,0.78,0.68,1.15,28.25,250.5,34.5,95.182,0.000021017
4.25,3.8,4855,3.7,569,1.18,0.54,0.9,42.25,557,38.5,131.701,9.9848E-14
4.25,3.8,4855,3.7,569,1.18,0.54,0.85,8.75,125,34.5,113.034,0.035148
4.25,3.8,4855,3.7,569,1.18,0.54,1.3,59.5,493.25,61.5,150.839,0.000031671
4.25,3.8,4855,3.7,569,1.18,0.54,1.25,15.75,173.5,15.5,119.107,0.000081297
4.25,3.8,4855,3.7,569,1.18,0.54,0.55,60.75,327.25,55,139.058,0.00093861
4.25,3.8,4855,3.7,569,1.18,0.54,0.5,13.75,270.25,21,122.34,8.2173E-14
4.25,3.8,4855,3.7,569,1.18,0.54,1.1,69,540,69.5,165.606,0.00004539
4.25,3.8,4855,3.7,569,1.18,0.54,1.2,62,397.75,30.5,128.031,4.3591E-14
4.25,3.8,4855,3.7,569,1.18,0.54,0.75,65.5,387,63.5,157.425,0.002277
4.25,3.8,4855,3.7,569,1.18,0.54,0.6,22.25,217.75,49.5,129.401,0.0036482
3.35,3.8,4155,3.55,519,1.46,1.58,0.95,21.25,432,41.5,91.631,4.473E-17
3.35,3.8,4155,3.55,519,1.46,1.58,1,36,279.75,24.5,83.216,0.0012722
3.35,3.8,4155,3.55,519,1.46,1.58,0.55,12.25,116,52.5,-180.342,0.0096419
3.35,3.8,4155,3.55,519,1.46,1.58,0.6,59.5,321.75,71.5,-898.293,0.000118
3.35,3.8,4155,3.55,519,1.46,1.58,0.7,95.75,582.75,14,75.513,0.0001337
3.35,3.8,4155,3.55,519,1.46,1.58,0.85,32.25,209.75,48,94.614,0.019652
3.35,3.8,4155,3.55,519,1.46,1.58,1.1,19.75,182.25,31,91.632,0.000016624
3.35,3.8,4155,3.55,519,1.46,1.58,1.3,50.5,370.75,28,86.21,0.0000000011434
3.35,3.8,4155,3.55,519,1.46,1.58,0.5,39,531.75,68,-2362.064,0.0000000042057
3.35,3.8,4155,3.55,519,1.46,1.58,1.35,11.25,490,60.5,-2166.477,0.000000011353
3.3,3.14,2065,3.1,368,0.46,1.84,0.6,45.25,346.75,63.5,104.485,0.00099742
3.3,3.14,2065,3.1,368,0.46,1.84,0.7,17.25,98.25,17,-154.808,0.0039537
3.3,3.14,2065,3.1,368,0.46,1.84,0.5,67.25,537.5,55.5,105.993,4.3982E-17
3.3,3.14,2065,3.1,368,0.46,1.84,1.05,26.25,594,29,71.854,1.8196E-16
3.3,3.14,2065,3.1,368,0.46,1.84,1.2,47.75,446.75,71,-1005.781,0.000070331
3.3,3.14,2065,3.1,368,0.46,1.84,1.4,10.75,196.25,43,-590.665,0.0012027
3.3,3.14,2065,3.1,368,0.46,1.84,0.65,81.5,427.75,21,66.41,0.000000090433
3.3,3.14,2065,3.1,368,0.46,1.84,1.2,31.25,169,57.5,-448.814,0.014298
3.3,3.14,2065,3.1,368,0.46,1.84,0.8,25.75,289,45.5,79.907,0.000118
3.3,3.14,2065,3.1,368,0.46,1.84,0.95,17.5,248.25,35,73.718,0.000073525
0.85,3.4,2757,4.1,396,1.88,1.7,0.9,25.25,147.75,26,64.912,0.0000010633
0.85,3.4,2757,4.1,396,1.88,1.7,1.3,39.75,353.25,53,75.911,0.000000042778
0.85,3.4,2757,4.1,396,1.88,1.7,1.25,57,287.5,14,58.214,0.00070891
0.85,3.4,2757,4.1,396,1.88,1.7,0.5,16.25,197.75,73.5,78.854,0.0037476
0.85,3.4,2757,4.1,396,1.88,1.7,0.7,33,392.5,39,70.1,1.1468E-14
0.85,3.4,2757,4.1,396,1.88,1.7,1.2,9.25,112.75,19.5,-55.381,7.4243E-10
0.85,3.4,2757,4.1,396,1.88,1.7,0.9,32.5,302.5,34.5,68.181,0.000012
0.85,3.4,2757,4.1,396,1.88,1.7,0.75,99,587,68,94.086,4.3636E-35
0.85,3.4,2757,4.1,396,1.88,1.7,0.45,72.25,541,48,77.631,1.7141E-55
0.85,3.4,2757,4.1,396,1.88,1.7,1.05,18.75,489.75,57,76.305,4.7836E-24
4.95,2.38,1874,1.5,329,0.4,1.94,0.75,43.75,348.5,72.5,-1346.297,0.00041589
4.95,2.38,1874,1.5,329,0.4,1.94,0.8,31,193,46,-537.12,0.0018014
4.95,2.38,1874,1.5,329,0.4,1.94,1.1,10,242.75,33.5,66.709,0.00020936
4.95,2.38,1874,1.5,329,0.4,1.94,0.9,14.25,139,29,-250.094,0.0058844
4.95,2.38,1874,1.5,329,0.4,1.94,1.35,29.25,291.5,23,61.212,0.00000035066
4.95,2.38,1874,1.5,329,0.4,1.94,0.5,18.5,99.5,42,-166.538,0.020725
4.95,2.38,1874,1.5,329,0.4,1.94,0.6,60.75,465.25,55,-2080.879,0.000000018563
4.95,2.38,1874,1.5,329,0.4,1.94,1.15,17.25,428,14.5,-893.242,0.00000055799
4.95,2.38,1874,1.5,329,0.4,1.94,1.2,110.75,568.25,61.5,114.262,2.6744E-12
4.95,2.38,1874,1.5,329,0.4,1.94,0.55,28.25,541.25,65.5,-2151.898,0.00000014564
2.5,4.12,3654,4.6,310,0.56,0.52,1.3,36,396.5,59.5,166.73,0.000025829
2.5,4.12,3654,4.6,310,0.56,0.52,1.35,18,347.75,15,105.442,1.2698E-17
2.5,4.12,3654,4.6,310,0.56,0.52,0.6,39,208.75,56,131.536,0.0075703
2.5,4.12,3654,4.6,310,0.56,0.52,0.45,70.5,491.75,70.5,183.513,0.00031311
2.5,4.12,3654,4.6,310,0.56,0.52,1,10.75,252.25,37,121.713,0.00057298
2.5,4.12,3654,4.6,310,0.56,0.52,1.05,18.25,107.25,68,651.659,0.053808
2.5,4.12,3654,4.6,310,0.56,0.52,0.8,26.75,146.75,40,110.918,0.023517
2.5,4.12,3654,4.6,310,0.56,0.52,1.15,27,502.75,45,151.429,2.9515E-10
2.5,4.12,3654,4.6,310,0.56,0.52,0.65,37.25,319.75,27.5,124.294,0.0000066838
2.5,4.12,3654,4.6,310,0.56,0.52,0.8,52.75,560.5,22.5,115.819,7.9553E-55
2.35,3.04,4724,1.35,526,1.48,1.92,0.95,28.25,467.25,69,108.869,0.00000038268
2.35,3.04,4724,1.35,526,1.48,1.92,0.75,43,287.25,12,-558.265,0.0092614
2.35,3.04,4724,1.35,526,1.48,1.92,0.4,95,566,20,83.225,0.00000053583
2.35,3.04,4724,1.35,526,1.48,1.92,1.35,18.75,541.5,54.5,100.989,2.5614E-13
2.35,3.04,4724,1.35,526,1.48,1.92,1.3,42,288,44,97.086,0.000012054
2.35,3.04,4724,1.35,526,1.48,1.92,0.9,30.25,409.5,28,89.689,0.0000013594
2.35,3.04,4724,1.35,526,1.48,1.92,0.55,25,185.5,41,98.393,0.00050272
2.35,3.04,4724,1.35,526,1.48,1.92,0.7,21.5,108,59,-157.074,0.012545
2.35,3.04,4724,1.35,526,1.48,1.92,1.2,38.75,368.75,66,103.968,0.000050122
2.35,3.04,4724,1.35,526,1.48,1.92,1.1,8.5,162.25,36,96.799,0.00000091657
2.9,4.2,1854,2,475,1.8,1.52,0.95,36,273.75,18.5,52.709,0.047956
2.9,4.2,1854,2,475,1.8,1.52,1,56.5,595.75,13,-1266.354,2.6832E-10
2.9,4.2,1854,2,475,1.8,1.52,1.3,43.5,229,69,70.645,0.0063156
2.9,4.2,1854,2,475,1.8,1.52,0.85,89.5,514,47,64.422,4.3404E-36
2.9,4.2,1854,2,475,1.8,1.52,1.3,23.25,376.5,67,69.463,0.00000001
2.9,4.2,1854,2,475,1.8,1.52,0.5,10.5,311,41.5,62.575,0.000096886
2.9,4.2,1854,2,475,1.8,1.52,0.65,57.5,405,30.5,58.049,0.000083275
2.9,4.2,1854,2,475,1.8,1.52,0.55,22.75,444.5,31.5,58.535,0.0000038565
2.9,4.2,1854,2,475,1.8,1.52,1.2,16.75,95,62.5,-152.646,0.0045404
2.9,4.2,1854,2,475,1.8,1.52,0.8,15.5,138.75,52.5,-249.496,0.028067
4.15,3.06,4781,2.75,469,1.44,0.48,0.6,21.75,123.25,47.5,106.32,0.039887
4.15,3.06,4781,2.75,469,1.44,0.48,0.75,26.25,460.25,64,140.912,0.00001464
4.15,3.06,4781,2.75,469,1.44,0.48,0.65,39,296,59,127.029,0.00053395
4.15,3.06,4781,2.75,469,1.44,0.48,0.85,57.5,354,41.5,122.615,0.000000031866
4.15,3.06,4781,2.75,469,1.44,0.48,1.1,45.25,439.75,31,115.523,6.6996E-21
4.15,3.06,4781,2.75,469,1.44,0.48,1.25,43,497.5,51.5,127.721,1.5873E-10
4.15,3.06,4781,2.75,469,1.44,0.48,0.95,23.75,192,74.5,122.209,0.020625
4.15,3.06,4781,2.75,469,1.44,0.48,1.35,10.25,172,29,109.44,0.00019262
4.15,3.06,4781,2.75,469,1.44,0.48,1.1,51,264.25,16,105.958,2.5545E-29
4.15,3.06,4781,2.75,469,1.44,0.48,0.4,27.5,589.75,20.5,105.581,1.6476E-27
3.95,4.74,4137,4.15,406,1.78,1.1,0.85,27,596,66,-2668.243,3.7145E-17
3.95,4.74,4137,4.15,406,1.78,1.1,0.65,65.5,481.25,56,99.833,3.3558E-17
3.95,4.74,4137,4.15,406,1.78,1.1,1.15,54.75,359.5,43.5,87.612,7.3414E-14
3.95,4.74,4137,4.15,406,1.78,1.1,1.1,27.75,237.25,33,81.582,0.000000021999
3.95,4.74,4137,4.15,406,1.78,1.1,1.25,38.5,431.75,55,91.21,8.0472E-10
3.95,4.74,4137,4.15,406,1.78,1.1,0.4,15.75,204,15,-380.662,0.00056696
3.95,4.74,4137,4.15,406,1.78,1.1,0.95,16,518.25,72,-2307.642,3.0855E-10
3.95,4.74,4137,4.15,406,1.78,1.1,0.7,19.25,103.75,40.5,79.161,0.0012514
3.95,4.74,4137,4.15,406,1.78,1.1,0.55,27,144,24,82.411,3.5502E-14
3.95,4.74,4137,4.15,406,1.78,1.1,1.35,29.5,303.25,27,80.791,8.9848E-20
3,2.62,4050,3.4,520,1.76,0.42,1.15,17.5,361.25,31,105.833,4.3618E-22
3,2.62,4050,3.4,520,1.76,0.42,0.8,23.75,164.25,28.5,104.091,0.000019869
3,2.62,4050,3.4,520,1.76,0.42,1.1,16.75,187.75,14,100.184,7.1044E-13
3,2.62,4050,3.4,520,1.76,0.42,1.3,8.75,115,22,95.554,0.022913
3,2.62,4050,3.4,520,1.76,0.42,0.95,33.5,286.75,43,110.758,0.00000028222
3,2.62,4050,3.4,520,1.76,0.42,0.65,34.75,322.5,47.5,117.783,0.00000067925
3,2.62,4050,3.4,520,1.76,0.42,0.4,66.75,423.25,69,137.754,0.00000012151
3,2.62,4050,3.4,520,1.76,0.42,1.2,37,466.5,52.5,120.882,3.1909E-14
3,2.62,4050,3.4,520,1.76,0.42,0.85,89,522,67,135.952,0.0000000019077
3,2.62,4050,3.4,520,1.76,0.42,0.5,112.75,594.5,61.5,136.524,7.5576E-16
1.1,3.76,1729,2.9,322,0.96,1.34,1.25,18.75,127.5,14.5,-234.004,0.000084618
1.1,3.76,1729,2.9,322,0.96,1.34,0.6,36.5,278,44.5,62.498,1.8286E-10
1.1,3.76,1729,2.9,322,0.96,1.34,0.5,104.5,550,42.5,67.317,0
1.1,3.76,1729,2.9,322,0.96,1.34,1.15,12.75,231.5,22,52.731,0.0000054626
1.1,3.76,1729,2.9,322,0.96,1.34,1,31.25,469.5,28.5,55.354,3.1415E-48
1.1,3.76,1729,2.9,322,0.96,1.34,0.9,18.75,151.75,55,62.341,0.00075958
1.1,3.76,1729,2.9,322,0.96,1.34,0.9,78.75,540,34.5,60.143,0
1.1,3.76,1729,2.9,322,0.96,1.34,1.4,29.75,369.5,59.5,67.481,9.2376E-18
1.1,3.76,1729,2.9,322,0.96,1.34,0.55,73,422.5,71.5,80.326,9.8495E-19
1.1,3.76,1729,2.9,322,0.96,1.34,0.75,12.5,335.5,67,68.844,7.1975E-10
3.65,4.52,3578,3.95,528,1.94,1.3,1.05,47.75,579.25,13,-1209.782,0.00038411
3.65,4.52,3578,3.95,528,1.94,1.3,0.7,18,339.75,61,89.16,0.000000062852
3.65,4.52,3578,3.95,528,1.94,1.3,1.15,32.75,239.25,22,-461.12,0.0075912
3.65,4.52,3578,3.95,528,1.94,1.3,0.45,76.75,504.75,52.5,92.117,2.7862E-32
3.65,4.52,3578,3.95,528,1.94,1.3,1.2,24.25,200.25,63.5,-537.153,0.00068714
3.65,4.52,3578,3.95,528,1.94,1.3,0.85,68.5,392.25,26,75.557,0.000017517
3.65,4.52,3578,3.95,528,1.94,1.3,0.65,20,102.75,74.5,-157.23,0.024477
3.65,4.52,3578,3.95,528,1.94,1.3,0.55,8.25,475.25,43.5,83.473,3.47E-14
3.65,4.52,3578,3.95,528,1.94,1.3,1.35,27.75,377.5,38,81.982,8.0515E-20
3.65,4.52,3578,3.95,528,1.94,1.3,0.95,18.25,156.5,34,-271.727,0.00015789
3.85,3,4288,0.95,337,1.5,0.94,1.25,24.25,376.75,13.5,-761.456,5.242E-13
3.85,3,4288,0.95,337,1.5,0.94,0.7,32.75,322.75,41,89.567,6.9022E-13
3.85,3,4288,0.95,337,1.5,0.94,0.95,21,223.25,31,86.082,5.4622E-16
3.85,3,4288,0.95,337,1.5,0.94,0.75,89.5,448.25,59.5,107.555,0.0000000015147
3.85,3,4288,0.95,337,1.5,0.94,1.15,9.75,84,53,82.563,0.034916
3.85,3,4288,0.95,337,1.5,0.94,0.85,50,285,47,96.579,0.000000085215
3.85,3,4288,0.95,337,1.5,0.94,1,75,568,67.5,112.753,3.0249E-14
3.85,3,4288,0.95,337,1.5,0.94,1.35,22,137.5,18.5,84.114,0.00043267
3.85,3,4288,0.95,337,1.5,0.94,0.45,11.5,438.25,72,105.806,0.0000011449
3.85,3,4288,0.95,337,1.5,0.94,0.6,65,539.25,34.5,88.561,1.3535E-37
1.9,4.62,2366,3.65,434,1.4,1.66,0.75,47.25,411.25,66,76.915,5.2801E-13
1.9,4.62,2366,3.65,434,1.4,1.66,1.2,12,172,13,-543.935,0.16478
1.9,4.62,2366,3.65,434,1.4,1.66,0.6,39.25,486,43.5,68.684,1.7119E-26
1.9,4.62,2366,3.65,434,1.4,1.66,1.25,56.25,281.5,26.5,61.539,0.00091041
1.9,4.62,2366,3.65,434,1.4,1.66,1.05,9,537.75,52.5,71.437,2.428E-71
1.9,4.62,2366,3.65,434,1.4,1.66,0.5,20,189.75,57.5,70.641,0.0040605
1.9,4.62,2366,3.65,434,1.4,1.66,1.35,22.5,307.75,33.5,64.914,0.000014009
1.9,4.62,2366,3.65,434,1.4,1.66,0.65,59.25,355.5,73,80.37,0.000000087078
1.9,4.62,2366,3.65,434,1.4,1.66,0.9,13.75,80,40.5,-116.644,0.013833
1.9,4.62,2366,3.65,434,1.4,1.66,0.8,83,590.25,19,55.84,1.0668E-18
4.6,3.22,3209,3.45,337,1.16,1.62,1,44.25,263.5,46.5,77.013,0.0000037673
4.6,3.22,3209,3.45,337,1.16,1.62,0.5,28,479.25,18,64.313,0.000000054214
4.6,3.22,3209,3.45,337,1.16,1.62,0.55,20.75,108.25,54.5,69.076,0.039801
4.6,3.22,3209,3.45,337,1.16,1.62,0.85,10,224,33.5,70.55,0.000062527
4.6,3.22,3209,3.45,337,1.16,1.62,0.6,57.75,414,61.5,-1835.871,0.00000057518
4.6,3.22,3209,3.45,337,1.16,1.62,1.2,17.25,157.5,29,-283.502,0.02128
4.6,3.22,3209,3.45,337,1.16,1.62,0.7,64,545.25,73.5,119.781,0.0000000016695
4.6,3.22,3209,3.45,337,1.16,1.62,1.4,57.25,555.75,23,66.044,2.5062E-22
4.6,3.22,3209,3.45,337,1.16,1.62,1.2,19.25,350.25,66.5,-1544.649,0.00014504
4.6,3.22,3209,3.45,337,1.16,1.62,1,50.75,332.5,38,76.507,2.1601E-10
3.55,2.02,4386,1.8,361,1.58,0.6,0.5,81,530.5,66,135.492,0.000000032585
3.55,2.02,4386,1.8,361,1.58,0.6,1.1,11,568.5,12.5,86.269,6.642E-17
3.55,2.02,4386,1.8,361,1.58,0.6,0.8,17.5,216.25,44.5,100.408,0.00048342
3.55,2.02,4386,1.8,361,1.58,0.6,1.25,11,142,40.5,96.545,0.0035941
3.55,2.02,4386,1.8,361,1.58,0.6,0.65,40.75,324,59.5,113.092,0.00015017
3.55,2.02,4386,1.8,361,1.58,0.6,1,39.25,461.5,52,111.396,0.0000000027548
3.55,2.02,4386,1.8,361,1.58,0.6,0.8,70,386,22.5,95.629,1.2273E-27
3.55,2.02,4386,1.8,361,1.58,0.6,1.35,44,406.5,71.5,128.646,0.00016095
3.55,2.02,4386,1.8,361,1.58,0.6,1,47.75,252.5,25,96.274,3.8019E-14
3.55,2.02,4386,1.8,361,1.58,0.6,0.55,14.25,88,33.5,86.911,0.035616
0.8,3.16,1655,3.45,579,1.38,0.74,0.45,75.25,450.75,64.5,99.135,3.9493E-21
0.8,3.16,1655,3.45,579,1.38,0.74,0.65,60.25,400,51.5,88.553,2.0455E-12
0.8,3.16,1655,3.45,579,1.38,0.74,1.15,14.5,164.75,33,76.105,0.00000051714
0.8,3.16,1655,3.45,579,1.38,0.74,0.5,71,366,28,76.894,0.0000000066176
0.8,3.16,1655,3.45,579,1.38,0.74,1.2,59.75,523,48.5,86.862,2.2591E-26
0.8,3.16,1655,3.45,579,1.38,0.74,0.7,78.25,565,60.5,95.842,2.4112E-28
0.8,3.16,1655,3.45,579,1.38,0.74,1.05,9.25,300.5,71,93.485,0.000023913
0.8,3.16,1655,3.45,579,1.38,0.74,0.9,31.5,287,13.5,66.784,0.00000043052
0.8,3.16,1655,3.45,579,1.38,0.74,0.85,10.75,83,22,70.207,0.02898
0.8,3.16,1655,3.45,579,1.38,0.74,1.35,11.75,184,41,78.683,0.000007222
2.75,3.96,2315,0.95,552,0.56,1.8,1.15,18.5,325.75,28.5,78.378,0.000025829
2.75,3.96,2315,0.95,552,0.56,1.8,0.95,67.5,592.25,49,88.788,1.0175E-16
2.75,3.96,2315,0.95,552,0.56,1.8,0.7,21.25,281.75,23,-555.356,0.027052
2.75,3.96,2315,0.95,552,0.56,1.8,0.65,31.5,202.75,61,88.383,0.023406
2.75,3.96,2315,0.95,552,0.56,1.8,0.9,27.5,155,35.5,-270.41,0.00001153
2.75,3.96,2315,0.95,552,0.56,1.8,0.5,9.75,373.25,70.5,-1068.101,0.00000070707
2.75,3.96,2315,0.95,552,0.56,1.8,1.3,11,80.5,63,-105.827,0.052295
2.75,3.96,2315,0.95,552,0.56,1.8,1.25,41.75,424,54.5,89.541,0.0000000039872
2.75,3.96,2315,0.95,552,0.56,1.8,1.05,85.5,466.5,17,70.079,0.0035194
2.75,3.96,2315,0.95,552,0.56,1.8,0.45,71.75,547.5,41.5,83.522,1.1102E-24
3.25,3.56,4096,5,424,1.46,1.22,0.8,47.75,433.75,20.5,79.488,0.00000010236
3.25,3.56,4096,5,424,1.46,1.22,0.95,17.5,195.25,31,86.86,0.0060708
3.25,3.56,4096,5,424,1.46,1.22,1.25,12,585.5,69,-2618.671,7.2318E-14
3.25,3.56,4096,5,424,1.46,1.22,0.4,38.75,285,48.5,91.39,0.000004625
3.25,3.56,4096,5,424,1.46,1.22,1,52.5,520.75,54,95.248,1.006E-13
3.25,3.56,4096,5,424,1.46,1.22,0.75,61.25,334,31,85.569,3.066E-10
3.25,3.56,4096,5,424,1.46,1.22,1.2,20,373.75,56.5,94.324,0.00000018576
3.25,3.56,4096,5,424,1.46,1.22,1.3,20.5,121.5,13.5,-192.469,0.0014554
3.25,3.56,4096,5,424,1.46,1.22,0.7,12.75,155.75,38,87.702,0.0010847
3.25,3.56,4096,5,424,1.46,1.22,0.5,77.25,448,67,105.934,0.00000058103
3.2,3.62,1538,3.05,429,0.46,1.96,0.55,69.25,539,22,61.882,8.9708E-11
3.2,3.62,1538,3.05,429,0.46,1.96,0.95,22.75,250.5,56.5,74.841,0.00085052
3.2,3.62,1538,3.05,429,0.46,1.96,1.35,87.5,462.5,29,66.247,1.7129E-11
3.2,3.62,1538,3.05,429,0.46,1.96,1.2,18.5,102.5,13.5,-163.158,0.013975
3.2,3.62,1538,3.05,429,0.46,1.96,0.8,18.75,174.25,69,-466.749,0.0055744
3.2,3.62,1538,3.05,429,0.46,1.96,1.05,13.25,374.75,64.5,-1658.868,0.0000054375
3.2,3.62,1538,3.05,429,0.46,1.96,1.25,29.75,224.5,32.5,66.366,0.006718
3.2,3.62,1538,3.05,429,0.46,1.96,0.65,29,587.75,45,73.118,5.3108E-18
3.2,3.62,1538,3.05,429,0.46,1.96,0.75,22.75,315.25,54.5,-1377.346,0.00000062356
3.2,3.62,1538,3.05,429,0.46,1.96,0.4,62.25,405.5,42.5,74.773,3.1666E-14
4.5,2.76,3084,1.75,591,1.92,1.74,1.05,102.5,584.75,65.5,94.457,1.682E-10
4.5,2.76,3084,1.75,591,1.92,1.74,0.4,34.75,186.5,15.5,-868.272,0.071597
4.5,2.76,3084,1.75,591,1.92,1.74,0.75,24.25,150.25,44,-261.317,0.0074665
4.5,2.76,3084,1.75,591,1.92,1.74,0.9,51,514.25,38.5,76.555,0.00000063625
4.5,2.76,3084,1.75,591,1.92,1.74,1.15,10.75,476.75,35.5,75.904,0.000027418
4.5,2.76,3084,1.75,591,1.92,1.74,0.85,32.5,268,50.5,81.295,0.0072829
4.5,2.76,3084,1.75,591,1.92,1.74,1.25,13.5,83.75,19.5,-114.79,0.027556
4.5,2.76,3084,1.75,591,1.92,1.74,0.6,37.25,443.5,26,-389.498,0.000019869
4.5,2.76,3084,1.75,591,1.92,1.74,1.3,21,297.25,73,-1283.595,0.00013163
4.5,2.76,3084,1.75,591,1.92,1.74,0.65,16.5,369.5,61,-1618.911,0.00000077763
2.35,2.2,3670,4.8,392,1.2,1.18,0.8,70,563.5,23.5,81.924,0.0000000021659
2.35,2.2,3670,4.8,392,1.2,1.18,1.15,37.75,457,41.5,-2023.678,4.3074E-13
2.35,2.2,3670,4.8,392,1.2,1.18,0.5,40,371.75,57.5,-1629.129,0.00080525
2.35,2.2,3670,4.8,392,1.2,1.18,0.6,11,173.25,13,-309.986,0.0075703
2.35,2.2,3670,4.8,392,1.2,1.18,0.6,8.25,118.5,36.5,81.672,0.0076542
2.35,2.2,3670,4.8,392,1.2,1.18,0.95,56.5,314.75,52,-1237.566,0.0000083871
2.35,2.2,3670,4.8,392,1.2,1.18,1.4,66.25,417,71,142.332,0.000017981
2.35,2.2,3670,4.8,392,1.2,1.18,1.2,91.5,498.5,62.5,136.371,0.0000053136
2.35,2.2,3670,4.8,392,1.2,1.18,0.9,28,200,27.5,83.755,0.016057
2.35,2.2,3670,4.8,392,1.2,1.18,1.1,21.25,284.5,46.5,-795.53,0.00017578
1.15,3.14,3799,1.55,395,0.74,0.74,0.8,55.25,538.25,46,132.179,4.2522E-17
1.15,3.14,3799,1.55,395,0.74,0.74,0.65,28.25,341.75,21,109.286,2.1465E-16
1.15,3.14,3799,1.55,395,0.74,0.74,1.4,66.75,567.25,65,156.815,6.7582E-12
1.15,3.14,3799,1.55,395,0.74,0.74,1.1,14.75,434,12.5,101.262,9.2305E-59
1.15,3.14,3799,1.55,395,0.74,0.74,0.95,63.75,468.25,39.5,126.595,3.4131E-17
1.15,3.14,3799,1.55,395,0.74,0.74,0.75,41,256.25,31.5,115.409,0.000035338
1.15,3.14,3799,1.55,395,0.74,0.74,1.2,32.75,163.75,72,124.231,0.014408
1.15,3.14,3799,1.55,395,0.74,0.74,1.1,18.25,99.5,26.5,95.496,0.042444
1.15,3.14,3799,1.55,395,0.74,0.74,0.5,21.5,301.25,51.5,127.47,0.000053312
1.15,3.14,3799,1.55,395,0.74,0.74,0.45,12.5,204.75,58,122.454,0.0047158
4.75,3.42,4507,2.1,442,1.28,0.54,0.45,31,202.25,31.5,106.941,0.0000012508
4.75,3.42,4507,2.1,442,1.28,0.54,0.6,45,393.25,59,121.359,0.000018537
4.75,3.42,4507,2.1,442,1.28,0.54,1.1,10.25,286.5,22.5,100.074,6.7889E-30
4.75,3.42,4507,2.1,442,1.28,0.54,1,72,506.5,28,105.38,8.9497E-26
4.75,3.42,4507,2.1,442,1.28,0.54,1.2,27,294,72.5,127.306,0.0042442
4.75,3.42,4507,2.1,442,1.28,0.54,0.65,15.75,343.5,53,113.978,0.000071477
4.75,3.42,4507,2.1,442,1.28,0.54,1.35,106.25,565.5,63,140.628,0.000000041381
4.75,3.42,4507,2.1,442,1.28,0.54,0.8,10.25,88.75,43,94.658,0.040232
4.75,3.42,4507,2.1,442,1.28,0.54,0.75,84.25,495.25,45.5,119.495,1.748E-11
4.75,3.42,4507,2.1,442,1.28,0.54,1.25,16.25,132.25,16.5,97.291,0.0020916
3.95,2.44,3700,4.45,557,1.86,1.82,1.05,27.75,504.5,42.5,84.472,9.8966E-18
3.95,2.44,3700,4.45,557,1.86,1.82,0.75,47,572.25,27.5,76.587,0.000000055417
3.95,2.44,3700,4.45,557,1.86,1.82,1.25,33.75,265.5,66.5,-1131.421,0.00016471
3.95,2.44,3700,4.45,557,1.86,1.82,0.6,43,329.5,33.5,82.025,0.00162
3.95,2.44,3700,4.45,557,1.86,1.82,1.35,65.5,399.25,56.5,-1147.872,0.00000017622
3.95,2.44,3700,4.45,557,1.86,1.82,0.8,19,159.75,53,85.665,0.03828
3.95,2.44,3700,4.45,557,1.86,1.82,0.65,13.25,374.25,74,-1636.97,0.000026273
3.95,2.44,3700,4.45,557,1.86,1.82,1.1,39,224,17,-709.986,0.12161
3.95,2.44,3700,4.45,557,1.86,1.82,0.45,22.25,495,48,-2197.46,0.000000030135
3.95,2.44,3700,4.45,557,1.86,1.82,0.95,18.75,99.5,20.5,-144.924,0.0077177
2.05,2.24,2049,2.1,305,1.22,0.58,1.25,18.25,404.25,59,76.938,2.2546E-23
2.05,2.24,2049,2.1,305,1.22,0.58,1,14,174.25,40,67.775,0.000000050477
2.05,2.24,2049,2.1,305,1.22,0.58,0.5,8.25,101,47,67.416,0.0017784
2.05,2.24,2049,2.1,305,1.22,0.58,0.8,50,367.5,52.5,78.922,1.2475E-19
2.05,2.24,2049,2.1,305,1.22,0.58,0.85,40.25,258.75,75,83.33,0.000042473
2.05,2.24,2049,2.1,305,1.22,0.58,1.15,50,552.25,21.5,60.991,2.5112E-52
2.05,2.24,2049,2.1,305,1.22,0.58,1.35,99.5,533.75,67,93.032,3.0633E-32
2.05,2.24,2049,2.1,305,1.22,0.58,0.5,29,217.5,34,66.415,7.1409E-16
2.05,2.24,2049,2.1,305,1.22,0.58,1.05,79,459.75,29,66.466,4.4729E-32
2.05,2.24,2049,2.1,305,1.22,0.58,0.7,27.75,335,14.5,57.494,0.0000035279
1.5,4.14,3932,3.1,359,1.22,0.98,1.2,11,83.25,72.5,84.08,0.036327
1.5,4.14,3932,3.1,359,1.22,0.98,1,22.5,418.25,13,78.613,4.9115E-18
1.5,4.14,3932,3.1,359,1.22,0.98,0.75,49.25,462.75,26.5,87.123,5.7699E-44
1.5,4.14,3932,3.1,359,1.22,0.98,0.6,24,137.25,56.5,92.185,0.0060195
1.5,4.14,3932,3.1,359,1.22,0.98,0.8,75,517.75,43.5,101.173,3.0232E-41
1.5,4.14,3932,3.1,359,1.22,0.98,1.25,45.25,357.75,19.5,83.264,2.0368E-56
1.5,4.14,3932,3.1,359,1.22,0.98,0.5,8.75,260.25,64.5,101.896,0.00043112
1.5,4.14,3932,3.1,359,1.22,0.98,0.45,55.75,291.75,37.5,94.198,2.4577E-12
1.5,4.14,3932,3.1,359,1.22,0.98,1.3,37.75,573,32.5,89.546,3.5136E-77
1.5,4.14,3932,3.1,359,1.22,0.98,1,30,211.75,55,96.056,0.00081356
3.9,4.02,2586,3.9,452,0.42,1.78,0.4,54.25,337.5,24.5,91.504,8.3001E-10
3.9,4.02,2586,3.9,452,0.42,1.78,0.5,24.5,164.75,52,92.978,0.024707
3.9,4.02,2586,3.9,452,0.42,1.78,1.35,12.5,95.5,47.5,-143.581,0.050607
3.9,4.02,2586,3.9,452,0.42,1.78,0.9,47.25,414.75,71,-1595.128,0.010953
3.9,4.02,2586,3.9,452,0.42,1.78,0.7,14,262.5,23.5,-506.969,0.00000012216
3.9,4.02,2586,3.9,452,0.42,1.78,1.1,18.25,585.75,12.5,-1219.157,0.000883
3.9,4.02,2586,3.9,452,0.42,1.78,1.1,33.5,489.5,57.5,-1912.715,0.0001337
3.9,4.02,2586,3.9,452,0.42,1.78,0.75,63,368,33,95.632,0.000000013108
3.9,4.02,2586,3.9,452,0.42,1.78,1.25,37,199,42.5,98.449,0.013975
3.9,4.02,2586,3.9,452,0.42,1.78,1,42.5,505.5,62.5,-1976.61,0.00029519
4.2,3.7,2124,1.85,524,1.56,1.54,0.7,29.25,178.5,31,-337.956,0.007364
4.2,3.7,2124,1.85,524,1.56,1.54,0.55,68,392.25,51,71.716,0.00000093032
4.2,3.7,2124,1.85,524,1.56,1.54,1.25,17.5,91,13,-135.234,0.019462
4.2,3.7,2124,1.85,524,1.56,1.54,0.65,28.25,574.25,22.5,-1209.839,0.0000000026895
4.2,3.7,2124,1.85,524,1.56,1.54,1.4,65.25,506.75,48.5,70.4,1.0091E-16
4.2,3.7,2124,1.85,524,1.56,1.54,1.1,40.5,341.75,38,67.033,0.00052644
4.2,3.7,2124,1.85,524,1.56,1.54,0.95,16.75,211.25,68.5,-586.196,0.0024389
4.2,3.7,2124,1.85,524,1.56,1.54,0.4,25.25,270,69.5,-765.899,0.00014171
4.2,3.7,2124,1.85,524,1.56,1.54,0.85,33.5,332.5,28.5,61.76,0.0035619
4.2,3.7,2124,1.85,524,1.56,1.54,1.1,12.5,494.25,56,72.149,3.6246E-19
2.65,2.7,3424,0.85,514,0.84,1.4,0.8,83.5,435.5,58.5,104.281,0.00000074341
2.65,2.7,3424,0.85,514,0.84,1.4,0.55,46,531.25,15.5,80.197,0.00012909
2.65,2.7,3424,0.85,514,0.84,1.4,0.4,64.5,580.5,37.5,92.067,1.7362E-11
2.65,2.7,3424,0.85,514,0.84,1.4,1.25,16,201.5,49,96.845,0.00017713
2.65,2.7,3424,0.85,514,0.84,1.4,1.35,70.5,491.25,22,83.835,0.0000028939
2.65,2.7,3424,0.85,514,0.84,1.4,0.9,20.5,354,51.5,96.359,0.00000028964
2.65,2.7,3424,0.85,514,0.84,1.4,1.1,8.25,101.5,67.5,-146.76,0.055468
2.65,2.7,3424,0.85,514,0.84,1.4,1.05,59.25,333.75,25.5,86.04,0.0000083871
2.65,2.7,3424,0.85,514,0.84,1.4,0.65,41,258.5,34.5,89.874,0.00000038268
2.65,2.7,3424,0.85,514,0.84,1.4,0.75,17,143.25,73,94.325,0.022216
1.9,4.1,1943,3.3,497,0.56,0.84,1,30.75,194.25,41,86.909,0.0013367
1.9,4.1,1943,3.3,497,0.56,0.84,0.55,67.5,475.75,13.5,71.161,0.00000093495
1.9,4.1,1943,3.3,497,0.56,0.84,0.5,8.75,94.25,67,-138.959,0.062269
1.9,4.1,1943,3.3,497,0.56,0.84,1.2,52,508.5,50.5,93.214,5.4243E-19
1.9,4.1,1943,3.3,497,0.56,0.84,1.35,49.25,254.5,20,74.741,0.00081635
1.9,4.1,1943,3.3,497,0.56,0.84,0.8,36,428,36.5,83.792,2.7598E-14
1.9,4.1,1943,3.3,497,0.56,0.84,0.7,38.75,555.75,47.5,91.654,9.9919E-30
1.9,4.1,1943,3.3,497,0.56,0.84,0.95,19.75,360.75,60,92.05,0.00000019996
1.9,4.1,1943,3.3,497,0.56,0.84,0.7,19.25,134.75,30.5,81.955,0.00002048
1.9,4.1,1943,3.3,497,0.56,0.84,1.15,51.5,300.25,71.5,98.172,0.00027926
1.3,4.08,3995,4.75,484,1.32,0.48,0.7,8.5,99.75,49.5,104.535,0.040754
1.3,4.08,3995,4.75,484,1.32,0.48,1.35,14.5,230.75,58.5,135.224,0.0048408
1.3,4.08,3995,4.75,484,1.32,0.48,0.95,20,137.25,12.5,100.004,0.0057521
1.3,4.08,3995,4.75,484,1.32,0.48,0.65,51,313,37,132.07,0.0000099951
1.3,4.08,3995,4.75,484,1.32,0.48,1.25,74.5,378.25,26,127.139,1.4042E-10
1.3,4.08,3995,4.75,484,1.32,0.48,1.1,93.5,534,73.5,178.023,0.000000016288
1.3,4.08,3995,4.75,484,1.32,0.48,1.1,46,429,21,123.359,1.4944E-17
1.3,4.08,3995,4.75,484,1.32,0.48,0.55,36.75,456.5,68.5,168.044,0.00000048655
1.3,4.08,3995,4.75,484,1.32,0.48,0.45,18.5,243.5,54.5,134.599,0.0020074
1.3,4.08,3995,4.75,484,1.32,0.48,0.8,70,570.5,43,146.754,1.843E-19
1.05,3.98,2322,1.95,318,1.44,0.9,0.45,26,208.5,20,62.515,1.656E-35
1.05,3.98,2322,1.95,318,1.44,0.9,1.3,22.25,135.5,42.5,69.221,0.000019697
1.05,3.98,2322,1.95,318,1.44,0.9,1.3,30.5,387.75,50,75.894,8.7183E-27
1.05,3.98,2322,1.95,318,1.44,0.9,1,23.75,396.5,55.5,79.594,1.0545E-24
1.05,3.98,2322,1.95,318,1.44,0.9,1.2,56.25,300.5,24.5,65.408,3.8025E-21
1.05,3.98,2322,1.95,318,1.44,0.9,0.7,61.75,486,13,58.81,1.4039E-29
1.05,3.98,2322,1.95,318,1.44,0.9,0.55,18.5,546,69.5,87.362,1.5366E-33
1.05,3.98,2322,1.95,318,1.44,0.9,1.05,28,269.75,35.5,68.97,2.9474E-19
1.05,3.98,2322,1.95,318,1.44,0.9,0.8,102.25,584,57.5,90.459,5.4914E-83
1.05,3.98,2322,1.95,318,1.44,0.9,0.65,8.75,126.75,67.5,73.33,0.0044483
3.1,2.56,2271,3.5,486,1.72,0.94,0.8,34.5,339.75,25,64.958,0.002186
3.1,2.56,2271,3.5,486,1.72,0.94,1.35,54.25,276.75,55,76.777,0.00013685
3.1,2.56,2271,3.5,486,1.72,0.94,0.95,82,550,19.5,59.712,0.00000009442
3.1,2.56,2271,3.5,486,1.72,0.94,0.75,30.5,218.25,46.5,71.855,0.0012681
3.1,2.56,2271,3.5,486,1.72,0.94,0.7,8.5,83.25,34.5,-121.018,0.019179
3.1,2.56,2271,3.5,486,1.72,0.94,1.15,23.5,136,70,75.191,0.0173
3.1,2.56,2271,3.5,486,1.72,0.94,0.6,34,390.75,62.5,78.327,0.000000017942
3.1,2.56,2271,3.5,486,1.72,0.94,1.3,51,427.25,17,-885.582,0.0047849
3.1,2.56,2271,3.5,486,1.72,0.94,0.5,32.25,484.75,43,71.848,6.9648E-14
3.1,2.56,2271,3.5,486,1.72,0.94,1.05,23.75,504.5,57.5,76.253,7.2836E-17
1.8,3.08,2178,1.2,435,0.4,1.06,0.4,10.5,139,13.5,-231.91,0.0001057
1.8,3.08,2178,1.2,435,0.4,1.06,0.8,9.5,276,55,93.214,0.0001585
1.8,3.08,2178,1.2,435,0.4,1.06,0.85,37.25,394.25,22.5,80.307,0.000000066017
1.8,3.08,2178,1.2,435,0.4,1.06,1.25,20.75,107,41,82.483,0.036168
1.8,3.08,2178,1.2,435,0.4,1.06,0.9,36.25,232,29,83.362,0.00000015522
1.8,3.08,2178,1.2,435,0.4,1.06,1.05,69.25,559,49.5,96.781,2.9832E-16
1.8,3.08,2178,1.2,435,0.4,1.06,0.65,90.75,502.5,36.5,90.554,8.5327E-16
1.8,3.08,2178,1.2,435,0.4,1.06,0.6,64.75,459.75,67,105.515,0.00000036917
1.8,3.08,2178,1.2,435,0.4,1.06,1.3,22,344,74.5,-973.291,0.00020936
1.8,3.08,2178,1.2,435,0.4,1.06,1.15,27.25,293,56,95.65,0.0000069638
2.45,2.5,2662,2.1,478,1.76,1.96,0.55,31.25,456.25,45.5,71.051,0.000000003105
2.45,2.5,2662,2.1,478,1.76,1.96,0.7,27.75,198.75,54.5,71.788,0.011453
2.45,2.5,2662,2.1,478,1.76,1.96,0.95,31.25,303.25,58,74.295,0.000022325
2.45,2.5,2662,2.1,478,1.76,1.96,1.25,41.25,260.5,75,-731.13,0.0002335
2.45,2.5,2662,2.1,478,1.76,1.96,1,62.5,376,41,69.87,0.000020927
2.45,2.5,2662,2.1,478,1.76,1.96,0.65,48.5,560.5,35.5,67.347,1.012E-24
2.45,2.5,2662,2.1,478,1.76,1.96,1.15,8.25,518,28,65.229,0.00000015116
2.45,2.5,2662,2.1,478,1.76,1.96,0.8,10.5,146.25,63.5,-383.82,0.025827
2.45,2.5,2662,2.1,478,1.76,1.96,0.5,15.75,118,23.5,-195.629,0.00019931
2.45,2.5,2662,2.1,478,1.76,1.96,1.3,79,401.5,14,56.626,0.023684
2.7,4.36,4275,1.05,366,0.62,1.02,1,44.5,375.75,14.5,95.161,1.4808E-37
2.7,4.36,4275,1.05,366,0.62,1.02,1.05,9,527.75,26.5,99.735,1.2567E-43
2.7,4.36,4275,1.05,366,0.62,1.02,1.35,20.25,411.5,22,98.82,2.0033E-53
2.7,4.36,4275,1.05,366,0.62,1.02,0.55,19.25,101,39,93.888,0.037212
2.7,4.36,4275,1.05,366,0.62,1.02,0.8,14.75,172.75,57,106.611,0.013975
2.7,4.36,4275,1.05,366,0.62,1.02,0.75,32.75,193.25,65.5,110.8,0.016669
2.7,4.36,4275,1.05,366,0.62,1.02,1.25,86.25,588,49.5,125.227,1.2068E-15
2.7,4.36,4275,1.05,366,0.62,1.02,1.15,26.75,237.75,34,104.037,0.0000023925
2.7,4.36,4275,1.05,366,0.62,1.02,0.45,38.75,479,74,148.71,0.00010241
2.7,4.36,4275,1.05,366,0.62,1.02,0.65,42.5,315.25,50.5,120.03,0.00024242
2.8,2.22,3351,4.4,408,1.46,1.2,0.95,31.25,572.25,24,71.963,1.1663E-12
2.8,2.22,3351,4.4,408,1.46,1.2,0.5,16.75,98.25,43.5,-151.067,0.0037253
2.8,2.22,3351,4.4,408,1.46,1.2,1.4,35.25,485,57,85.472,2.9143E-10
2.8,2.22,3351,4.4,408,1.46,1.2,0.8,26,247.25,49,81.479,0.0000155
2.8,2.22,3351,4.4,408,1.46,1.2,1,39.75,212.25,32.5,74.543,0.0020394
2.8,2.22,3351,4.4,408,1.46,1.2,1.15,9,170.5,16,-308.319,0.024134
2.8,2.22,3351,4.4,408,1.46,1.2,0.55,52.75,407.75,67.5,-1795.814,0.00000043716
2.8,2.22,3351,4.4,408,1.46,1.2,0.65,43.5,376.25,27.5,72.937,0.0000015658
2.8,2.22,3351,4.4,408,1.46,1.2,1.3,14.5,290,54.5,83.208,0.000019869
2.8,2.22,3351,4.4,408,1.46,1.2,0.7,89.75,546.25,74.5,121.553,9.3399E-13
1.15,4.46,2937,2.15,302,1.96,1.36,1.1,18.5,177,17.5,59.437,1.4324E-32
1.15,4.46,2937,2.15,302,1.96,1.36,0.85,55,394.25,34.5,68.182,5.0294E-34
1.15,4.46,2937,2.15,302,1.96,1.36,1.2,59,522.75,38.5,70.341,1.0671E-132
1.15,4.46,2937,2.15,302,1.96,1.36,0.7,13.75,229.25,49.5,70.982,0.00000005886
1.15,4.46,2937,2.15,302,1.96,1.36,1,60,366.5,29,65.714,2.2988E-21
1.15,4.46,2937,2.15,302,1.96,1.36,1,11.25,116.5,63.5,70.559,0.0045271
1.15,4.46,2937,2.15,302,1.96,1.36,0.75,51,548.25,55,77.67,3.1996E-75
1.15,4.46,2937,2.15,302,1.96,1.36,0.5,51.75,263,61,79.383,0.000000084755
1.15,4.46,2937,2.15,302,1.96,1.36,0.6,11.25,492,69.5,80.918,3.6743E-23
1.15,4.46,2937,2.15,302,1.96,1.36,1.35,59.25,328.5,24,62.88,2.9751E-15
4.8,4.18,4496,1.8,315,0.66,1.12,1,15.5,243,37.5,97.883,0.00064769
4.8,4.18,4496,1.8,315,0.66,1.12,1.3,72.5,477.5,29.5,102.482,8.5452E-19
4.8,4.18,4496,1.8,315,0.66,1.12,0.85,20,168.25,19,92.701,0.000000042542
4.8,4.18,4496,1.8,315,0.66,1.12,1.15,68.5,380.75,16.5,90.446,1.0437E-24
4.8,4.18,4496,1.8,315,0.66,1.12,0.65,9.5,591.25,69.5,167.535,0.000010221
4.8,4.18,4496,1.8,315,0.66,1.12,0.4,41.25,317.25,60.5,120.395,0.0043452
4.8,4.18,4496,1.8,315,0.66,1.12,1,12,98.25,52,88.299,0.031514
4.8,4.18,4496,1.8,315,0.66,1.12,1.25,105.75,548,66,164.014,0.0000068692
4.8,4.18,4496,1.8,315,0.66,1.12,0.75,46,405,33.5,101.166,0.0000000023283
4.8,4.18,4496,1.8,315,0.66,1.12,0.6,17.5,206.5,49.5,98.316,0.012481
2.2,3.74,2336,2.6,547,1.32,0.6,0.45,12,423,30,79.667,0.00000007242
2.2,3.74,2336,2.6,547,1.32,0.6,1.2,50,351.25,34.5,82.082,3.6143E-10
2.2,3.74,2336,2.6,547,1.32,0.6,0.8,69.75,452.25,24,76.572,0.000000049924
2.2,3.74,2336,2.6,547,1.32,0.6,0.7,37,192.75,13.5,-357.501,0.00000050933
2.2,3.74,2336,2.6,547,1.32,0.6,0.55,17.75,164.25,68,90.626,0.0028724
2.2,3.74,2336,2.6,547,1.32,0.6,1.1,20.5,269.25,59.5,90.787,0.000007222
2.2,3.74,2336,2.6,547,1.32,0.6,1.35,14.5,107,50,82.965,0.036486
2.2,3.74,2336,2.6,547,1.32,0.6,0.85,50.25,289.75,45,87.422,0.000000010116
2.2,3.74,2336,2.6,547,1.32,0.6,1,24,576.25,38.5,83.207,4.5418E-18
2.2,3.74,2336,2.6,547,1.32,0.6,1.05,59.25,499.5,72.5,102.205,1.0288E-13
1.55,3.94,4399,1.9,518,0.68,1.88,1,36.25,190.75,42.5,111.574,0.00036111
1.55,3.94,4399,1.9,518,0.68,1.88,1.15,19.75,298,18,100.612,2.8272E-35
1.55,3.94,4399,1.9,518,0.68,1.88,1.3,13.25,126,74,102.139,0.040754
1.55,3.94,4399,1.9,518,0.68,1.88,1.25,21.5,581.25,36.5,108.733,5.807E-17
1.55,3.94,4399,1.9,518,0.68,1.88,0.75,63.5,505,55,123.275,0.000000072028
1.55,3.94,4399,1.9,518,0.68,1.88,0.55,24,154.25,66,107.374,0.029715
1.55,3.94,4399,1.9,518,0.68,1.88,0.95,66.75,471.25,30,107.861,3.7499E-18
1.55,3.94,4399,1.9,518,0.68,1.88,0.7,41.5,239.25,23.5,104.764,6.9038E-11
1.55,3.94,4399,1.9,518,0.68,1.88,0.9,40.5,416.25,44,112.988,0.000000015561
1.55,3.94,4399,1.9,518,0.68,1.88,0.45,8.25,380,61.5,118.417,0.00048515
3,4,4030,3.8,417,1.78,0.7,0.6,58,522.5,21.5,83.538,1.6109E-15
3,4,4030,3.8,417,1.78,0.7,1.35,16.5,96.25,66.5,85.824,0.051025
3,4,4030,3.8,417,1.78,0.7,0.7,50.75,477.75,40,93.09,7.8046E-26
3,4,4030,3.8,417,1.78,0.7,0.95,67.75,398.75,17.5,81.203,3.1226E-20
3,4,4030,3.8,417,1.78,0.7,1,63,335.75,45.5,96.847,1.8394E-12
3,4,4030,3.8,417,1.78,0.7,0.55,34.5,240.75,26.5,85.98,8.5329E-27
3,4,4030,3.8,417,1.78,0.7,1.15,14,157,61,94.643,0.0042692
3,4,4030,3.8,417,1.78,0.7,0.85,42.5,548.75,33.5,89.175,6.5609E-30
3,4,4030,3.8,417,1.78,0.7,0.4,10.5,220.5,54.5,94.482,0.00031426
3,4,4030,3.8,417,1.78,0.7,1.3,18.75,344.5,74,105.826,0.000010593
2.55,3.42,2131,3.35,390,1.08,0.78,1,39.75,371.75,55.5,80.201,8.3283E-16
2.55,3.42,2131,3.35,390,1.08,0.78,0.65,77.75,406.75,56.5,84.253,4.3503E-23
2.55,3.42,2131,3.35,390,1.08,0.78,1.15,15.25,155.75,22,-282.768,0.0000063853
2.55,3.42,2131,3.35,390,1.08,0.78,0.5,28,206,73.5,79.917,0.0026111
2.55,3.42,2131,3.35,390,1.08,0.78,1.25,31.75,568.5,27,65.957,1.1151E-34
2.55,3.42,2131,3.35,390,1.08,0.78,0.9,30.75,244.75,36.5,70.93,0.00000010743
2.55,3.42,2131,3.35,390,1.08,0.78,1.35,8.5,524.5,66.5,80.635,5.2338E-19
2.55,3.42,2131,3.35,390,1.08,0.78,0.55,53.25,324.5,41.5,73.901,3.5601E-19
2.55,3.42,2131,3.35,390,1.08,0.78,0.8,82.5,483,13.5,57.374,0.0000000027548
2.55,3.42,2131,3.35,390,1.08,0.78,0.95,10.5,125.25,45,71.825,0.00035074
4.8,2.08,2641,4.85,510,1.48,0.64,1.1,54.75,443.75,48,88.119,1.5976E-10
4.8,2.08,2641,4.85,510,1.48,0.64,0.75,84.75,538.25,26.5,77.142,0.000000006352
4.8,2.08,2641,4.85,510,1.48,0.64,0.4,18.75,579.5,42,83.795,1.068E-13
4.8,2.08,2641,4.85,510,1.48,0.64,0.6,10.75,168,67.5,88.964,0.010838
4.8,2.08,2641,4.85,510,1.48,0.64,0.9,66,482,56.5,94.211,1.9121E-16
4.8,2.08,2641,4.85,510,1.48,0.64,1.2,19.25,251.25,71,90.694,0.001446
4.8,2.08,2641,4.85,510,1.48,0.64,1.1,35.5,208.75,17,-393.201,0.016877
4.8,2.08,2641,4.85,510,1.48,0.64,1.35,15.75,119.5,51.5,-195.645,0.0058179
4.8,2.08,2641,4.85,510,1.48,0.64,0.95,25.25,319,33,81.312,0.000009137
4.8,2.08,2641,4.85,510,1.48,0.64,0.55,62.5,342.25,23,75.861,0.0001473
1,4.48,2691,4.2,444,1.84,0.46,1.1,59.25,489.75,22.5,94.023,6.1464E-48
1,4.48,2691,4.2,444,1.84,0.46,0.95,8,82.75,62.5,83.907,0.048558
1,4.48,2691,4.2,444,1.84,0.46,1,25.75,137,56,96.765,0.011304
1,4.48,2691,4.2,444,1.84,0.46,0.5,42.75,527.5,42.5,109.925,7.2596E-40
1,4.48,2691,4.2,444,1.84,0.46,0.5,27.5,376.25,58.5,121.254,0.0000000043065
1,4.48,2691,4.2,444,1.84,0.46,0.7,35,243,48,106.509,0.000042473
1,4.48,2691,4.2,444,1.84,0.46,1.25,25,577.25,12.5,82.982,2.0506E-102
1,4.48,2691,4.2,444,1.84,0.46,1.4,24,207.5,32,93.47,0.000048295
1,4.48,2691,4.2,444,1.84,0.46,0.7,69.5,428.5,31,103.57,3.2183E-24
1,4.48,2691,4.2,444,1.84,0.46,0.8,55.25,323,70,127.626,0.000002773
1.6,4.54,1618,1.05,409,1.4,0.44,1.35,33,273.25,73.5,88.54,0.0000020426
1.6,4.54,1618,1.05,409,1.4,0.44,0.9,33,195.25,35.5,72.269,6.2831E-13
1.6,4.54,1618,1.05,409,1.4,0.44,1.1,62.25,379.5,61,87.31,1.0032E-20
1.6,4.54,1618,1.05,409,1.4,0.44,0.45,56.75,290.5,68.5,89.294,0.000000040251
1.6,4.54,1618,1.05,409,1.4,0.44,1.15,8.25,594.5,43,73.85,9.7882E-242
1.6,4.54,1618,1.05,409,1.4,0.44,0.5,11.5,98.5,28,68.608,0.0048267
1.6,4.54,1618,1.05,409,1.4,0.44,0.9,22.5,504.5,45.5,75.758,8.6671E-58
1.6,4.54,1618,1.05,409,1.4,0.44,0.75,41.75,465.75,14,61.39,3.6522E-17
1.6,4.54,1618,1.05,409,1.4,0.44,0.7,42.25,400.25,22.5,65.766,2.8107E-18
1.6,4.54,1618,1.05,409,1.4,0.44,1.2,21.5,147.25,55.5,77.31,0.00013474
4.8,4.38,4110,4.35,529,0.6,1.08,0.55,59,305.75,31.5,130.404,0.00039682
4.8,4.38,4110,4.35,529,0.6,1.08,1.15,13,193.5,40.5,119.763,0.0092116
4.8,4.38,4110,4.35,529,0.6,1.08,0.8,65.5,399.25,23,120.334,1.9672E-15
4.8,4.38,4110,4.35,529,0.6,1.08,1,33.25,252.25,65,137.325,0.018901
4.8,4.38,4110,4.35,529,0.6,1.08,0.65,29.5,521.5,30,122.059,0.0000000014514
4.8,4.38,4110,4.35,529,0.6,1.08,0.95,77,558.5,59.5,184.582,0.000026726
4.8,4.38,4110,4.35,529,0.6,1.08,1.3,83.25,460.75,70.5,187.828,0.003942
4.8,4.38,4110,4.35,529,0.6,1.08,0.85,8.25,146.5,16.5,112.289,0.029179
4.8,4.38,4110,4.35,529,0.6,1.08,0.45,14.75,128,49.5,106.343,0.057744
4.8,4.38,4110,4.35,529,0.6,1.08,1.35,36,347.5,50.5,142.077,0.0024465
4.2,4.36,3860,1.9,466,1.9,1.4,1.05,10.75,396.25,14.5,-805.576,0.000027418
4.2,4.36,3860,1.9,466,1.9,1.4,0.5,49.75,499.25,63,91.103,0.000000012165
4.2,4.36,3860,1.9,466,1.9,1.4,0.8,64.75,466.5,38,81.358,8.5141E-11
4.2,4.36,3860,1.9,466,1.9,1.4,0.9,19,118,35,-188.638,0.0000155
4.2,4.36,3860,1.9,466,1.9,1.4,1.25,32.25,599,69.5,-2681.153,2.9564E-14
4.2,4.36,3860,1.9,466,1.9,1.4,1.4,13.75,216.75,29,-408.814,0.00067063
4.2,4.36,3860,1.9,466,1.9,1.4,0.65,72.75,385.25,51,87.848,0.000000017638
4.2,4.36,3860,1.9,466,1.9,1.4,0.55,29.25,172.25,48,85.417,0.010252
4.2,4.36,3860,1.9,466,1.9,1.4,0.85,40,320.5,19,-639.449,0.00084474
4.2,4.36,3860,1.9,466,1.9,1.4,1.1,22,262.25,61.5,88.181,0.00056298
2.4,4.56,2724,2.55,477,1.3,1.32,0.75,37.5,209.75,68,82.63,0.0039654
2.4,4.56,2724,2.55,477,1.3,1.32,0.95,12.75,277.75,72.5,86.102,0.000056694
2.4,4.56,2724,2.55,477,1.3,1.32,0.45,66.25,357.25,37.5,75.644,0.0000000047901
2.4,4.56,2724,2.55,477,1.3,1.32,0.7,69.75,599.75,14,63.43,0.00000035066
2.4,4.56,2724,2.55,477,1.3,1.32,1.15,17.25,167,34,-300.104,0.0021451
2.4,4.56,2724,2.55,477,1.3,1.32,1.35,56,530.75,19,67.738,0.0000031959
2.4,4.56,2724,2.55,477,1.3,1.32,0.6,10,487.75,29,72.732,0.000000023145
2.4,4.56,2724,2.55,477,1.3,1.32,1.25,20,119.5,53.5,77.012,0.0021791
2.4,4.56,2724,2.55,477,1.3,1.32,0.8,23,404,59.5,83.253,1.0784E-11
2.4,4.56,2724,2.55,477,1.3,1.32,1.05,47,328.25,48,79.572,2.3925E-10
2.4,2.88,1712,3.8,412,1.6,0.68,1.3,58,341.5,14,52.669,0.0026111
2.4,2.88,1712,3.8,412,1.6,0.68,1.35,8.75,99,35,-162.475,0.00036641
2.4,2.88,1712,3.8,412,1.6,0.68,0.85,41,259,24.5,57.531,0.00091041
2.4,2.88,1712,3.8,412,1.6,0.68,0.65,47.25,440,55.5,72.776,5.9172E-25
2.4,2.88,1712,3.8,412,1.6,0.68,1.1,86,458.25,72.5,84.388,1.8998E-21
2.4,2.88,1712,3.8,412,1.6,0.68,1.05,11,143,27.5,-261.596,0.000000042542
2.4,2.88,1712,3.8,412,1.6,0.68,1,23.25,337.25,42.5,64.567,0.0000000013083
2.4,2.88,1712,3.8,412,1.6,0.68,0.5,28.5,213.5,57,69.589,0.000046725
2.4,2.88,1712,3.8,412,1.6,0.68,0.45,77.25,549.5,47.5,70.347,1.3964E-63
2.4,2.88,1712,3.8,412,1.6,0.68,0.75,47,538.5,68,75.397,6.2464E-36
1.55,4.4,2029,2.8,387,1.92,1.86,1,51.25,432.75,50.5,62.113,2.827E-29
1.55,4.4,2029,2.8,387,1.92,1.86,1.15,23.5,211.75,19,50.497,0.030951
1.55,4.4,2029,2.8,387,1.92,1.86,0.85,42,320.75,72.5,71.417,1.8007E-12
1.55,4.4,2029,2.8,387,1.92,1.86,1.25,10.75,82.25,62.5,-126.766,0.0059855
1.55,4.4,2029,2.8,387,1.92,1.86,0.5,65,390.5,34.5,57.204,2.9892E-10
1.55,4.4,2029,2.8,387,1.92,1.86,0.65,18,262.25,47,62.163,0.000041253
1.55,4.4,2029,2.8,387,1.92,1.86,0.75,17.75,529.5,13.5,-1120.329,3.0082E-10
1.55,4.4,2029,2.8,387,1.92,1.86,1.35,15.75,447.5,57,64.117,2.3449E-48
1.55,4.4,2029,2.8,387,1.92,1.86,0.5,24.25,143,27.5,-267.271,0.00049211
1.55,4.4,2029,2.8,387,1.92,1.86,1.05,107.5,550.75,37.5,58.531,3.7332E-200
4.7,4.9,2242,4.3,401,0.62,1.56,1,23,267.25,32.5,76.184,0.000013704
4.7,4.9,2242,4.3,401,0.62,1.56,0.55,8.5,179.5,71.5,-673.496,0.024191
4.7,4.9,2242,4.3,401,0.62,1.56,0.8,42,223.5,67,-870.384,0.010781
4.7,4.9,2242,4.3,401,0.62,1.56,0.85,38.5,401.5,42,81.404,0.00000019172
4.7,4.9,2242,4.3,401,0.62,1.56,1.2,15.5,346,48.5,-1522.79,0.000017825
4.7,4.9,2242,4.3,401,0.62,1.56,0.6,11.25,116.5,27.5,-194.538,0.00015548
4.7,4.9,2242,4.3,401,0.62,1.56,1.3,69.5,467,13,65.105,0.00032841
4.7,4.9,2242,4.3,401,0.62,1.56,1,68.5,570.25,22.5,71.681,4.9984E-11
4.7,4.9,2242,4.3,401,0.62,1.56,1.25,64,498,50.5,-2222.877,4.8888E-10
4.7,4.9,2242,4.3,401,0.62,1.56,0.45,58.25,337.5,59,-1479.713,0.0001004
1.1,4.04,2516,3.65,376,0.7,1.78,1.05,15.25,128.5,50,74.064,0.006889
1.1,4.04,2516,3.65,376,0.7,1.78,1.3,23.25,552.25,19.5,66.122,1.4196E-17
1.1,4.04,2516,3.65,376,0.7,1.78,0.7,10.25,259.25,31,70.893,4.7379E-10
1.1,4.04,2516,3.65,376,0.7,1.78,0.75,30.75,473,13.5,63.424,0.0000008678
1.1,4.04,2516,3.65,376,0.7,1.78,0.95,27.25,140.25,74.5,79.07,0.028717
1.1,4.04,2516,3.65,376,0.7,1.78,1.3,59.5,425,47,80.857,1.4061E-24
1.1,4.04,2516,3.65,376,0.7,1.78,0.45,26.25,209.25,59,78.281,0.0019323
1.1,4.04,2516,3.65,376,0.7,1.78,0.5,52.25,351,63,85.874,0.00000037877
1.1,4.04,2516,3.65,376,0.7,1.78,0.85,37.25,503.25,39,75.474,4.6259E-40
1.1,4.04,2516,3.65,376,0.7,1.78,1.15,54.25,315.25,28.5,70.351,3.492E-11
3.35,3.64,2110,4.85,499,1.74,0.7,1.35,52.25,372.25,18,61.852,0.0005172
3.35,3.64,2110,4.85,499,1.74,0.7,0.7,51.75,406.75,58.5,79.138,2.4925E-12
3.35,3.64,2110,4.85,499,1.74,0.7,0.45,37.25,201.25,32.5,67.602,0.0018129
3.35,3.64,2110,4.85,499,1.74,0.7,1.25,75,488.5,29.5,66.812,6.0132E-11
3.35,3.64,2110,4.85,499,1.74,0.7,0.75,22.5,121.25,66,73.992,0.0077603
3.35,3.64,2110,4.85,499,1.74,0.7,1.05,8.5,252.25,56,76.658,0.00000075844
3.35,3.64,2110,4.85,499,1.74,0.7,0.85,25.75,307.75,20.5,63.72,0.003907
3.35,3.64,2110,4.85,499,1.74,0.7,0.95,52.75,496.5,40,71.997,1.2869E-15
3.35,3.64,2110,4.85,499,1.74,0.7,1.2,20.5,555,71,82.656,5.1643E-30
3.35,3.64,2110,4.85,499,1.74,0.7,0.5,15.25,168.5,48.5,74.318,0.0047433
1.3,2.28,3525,3,377,1.96,1.72,1.15,10.5,518,43.5,74.404,7.9556E-23
1.3,2.28,3525,3,377,1.96,1.72,0.8,44,242.5,40.5,75.376,0.00060397
1.3,2.28,3525,3,377,1.96,1.72,0.6,17,219.75,12.5,61.472,0.015309
1.3,2.28,3525,3,377,1.96,1.72,0.75,58.25,388,73.5,96.42,0.00000067245
1.3,2.28,3525,3,377,1.96,1.72,0.65,58.75,467.5,31.5,71.63,4.5558E-11
1.3,2.28,3525,3,377,1.96,1.72,1,22,147.25,24,-261.899,0.00016095
1.3,2.28,3525,3,377,1.96,1.72,1.35,23,425.75,28,69.683,0.000001882
1.3,2.28,3525,3,377,1.96,1.72,1,32.25,316,53,79.333,0.000056002
1.3,2.28,3525,3,377,1.96,1.72,1.2,41.5,575.5,58,84.531,1.1369E-27
1.3,2.28,3525,3,377,1.96,1.72,0.45,21.75,115.5,68,76.488,0.014481
4.3,4.34,2787,3.75,425,1.24,0.7,0.65,37.25,359.25,29,76.803,9.7981E-12
4.3,4.34,2787,3.75,425,1.24,0.7,0.85,108.25,574.75,57,101.785,8.7159E-21
4.3,4.34,2787,3.75,425,1.24,0.7,1,50,446.5,22,72.365,0.000000061158
4.3,4.34,2787,3.75,425,1.24,0.7,1.1,19.75,238,52,84.071,0.00024884
4.3,4.34,2787,3.75,425,1.24,0.7,0.75,14.5,220.25,66.5,85.942,0.0041209
4.3,4.34,2787,3.75,425,1.24,0.7,1.2,26.5,157.75,34,81.096,0.000015568
4.3,4.34,2787,3.75,425,1.24,0.7,0.5,18,97.75,40,-150.892,0.006889
4.3,4.34,2787,3.75,425,1.24,0.7,0.95,9,315.5,15.5,-632.071,0.00021094
4.3,4.34,2787,3.75,425,1.24,0.7,1.4,60.5,436.25,72.5,-1253.132,0.00000015116
4.3,4.34,2787,3.75,425,1.24,0.7,0.5,44.75,503.25,49,91.73,4.0665E-24
3.55,2.82,2855,2.85,478,0.96,1.04,1.2,31.25,178.5,28.5,-321.011,0.000077475
3.55,2.82,2855,2.85,478,0.96,1.04,1.35,39,379.75,63,93.828,0.000011428
3.55,2.82,2855,2.85,478,0.96,1.04,1.1,34,240,23,-462.229,0.00096109
3.55,2.82,2855,2.85,478,0.96,1.04,0.5,89,485.5,34,84.313,3.8309E-14
3.55,2.82,2855,2.85,478,0.96,1.04,0.7,58.25,529.75,51,91.941,2.0168E-12
3.55,2.82,2855,2.85,478,0.96,1.04,0.55,87.75,577.5,74.5,-2276.372,0.0000000011089
3.55,2.82,2855,2.85,478,0.96,1.04,0.95,15,198.75,44,87.74,0.0063156
3.55,2.82,2855,2.85,478,0.96,1.04,0.6,11.25,406.75,58.5,91.431,0.00000081337
3.55,2.82,2855,2.85,478,0.96,1.04,1.3,11,114.25,38.5,-182.267,0.0024694
3.55,2.82,2855,2.85,478,0.96,1.04,0.8,26.75,321,14.5,72.458,0.010838
2.4,2.58,4428,2.15,461,1.18,1.68,0.65,42,338.5,54.5,102.207,0.0000037497
2.4,2.58,4428,2.15,461,1.18,1.68,0.7,9.75,430.25,69,-1886.803,0.000005004
2.4,2.58,4428,2.15,461,1.18,1.68,0.9,37,278.25,44.5,95.578,0.000016479
2.4,2.58,4428,2.15,461,1.18,1.68,1.2,41.5,453.25,32.5,91.464,3.963E-11
2.4,2.58,4428,2.15,461,1.18,1.68,1.35,16,202.75,24,-365.24,0.0000014698
2.4,2.58,4428,2.15,461,1.18,1.68,1.05,30,166.5,15.5,-284.546,0.000000011288
2.4,2.58,4428,2.15,461,1.18,1.68,0.4,23,123,63,90.02,0.021178
2.4,2.58,4428,2.15,461,1.18,1.68,1.3,60.75,382,30.5,90.245,7.974E-12
2.4,2.58,4428,2.15,461,1.18,1.68,0.55,51.5,598.5,60.5,104.779,1.9876E-10
2.4,2.58,4428,2.15,461,1.18,1.68,0.8,17.25,504,37.5,92.702,3.0082E-10
2.6,3.48,3496,0.85,451,1,1.18,0.75,17.75,112.5,69,88.689,0.038032
2.6,3.48,3496,0.85,451,1,1.18,0.6,28.5,268,34.5,87.932,7.1776E-14
2.6,3.48,3496,0.85,451,1,1.18,0.9,63.75,507,15,77.776,0.000020747
2.6,3.48,3496,0.85,451,1,1.18,1.05,20.5,340.25,44,90.669,1.3785E-11
2.6,3.48,3496,0.85,451,1,1.18,1.35,8.5,190,68,94.74,0.0058511
2.6,3.48,3496,0.85,451,1,1.18,0.85,29.75,174.5,27.5,-306.901,4.0823E-15
2.6,3.48,3496,0.85,451,1,1.18,1.2,17.25,420.25,19,80.499,0.000002427
2.6,3.48,3496,0.85,451,1,1.18,0.5,28.5,336.75,54,94.656,0.00000010571
2.6,3.48,3496,0.85,451,1,1.18,0.45,89,466.25,42.5,94.377,2.2975E-18
2.6,3.48,3496,0.85,451,1,1.18,1.15,96.5,599.75,59,108.392,1.7897E-20
4.9,3.66,3013,4.25,427,1.9,1.22,1.3,20,435.75,46,74.023,8.8182E-13
4.9,3.66,3013,4.25,427,1.9,1.22,0.95,27.25,174.25,58.5,-468.675,0.0024771
4.9,3.66,3013,4.25,427,1.9,1.22,1.25,62.25,320,22,62.689,0.0012309
4.9,3.66,3013,4.25,427,1.9,1.22,0.5,65.75,486.25,70,-2166.196,2.3106E-13
4.9,3.66,3013,4.25,427,1.9,1.22,1.2,9,369,63.5,-1625.698,6.0929E-11
4.9,3.66,3013,4.25,427,1.9,1.22,0.55,33.5,593,18,62.761,2.042E-11
4.9,3.66,3013,4.25,427,1.9,1.22,0.9,14,98.5,27,-154.222,0.00076482
4.9,3.66,3013,4.25,427,1.9,1.22,0.65,17.75,199.25,33.5,-378.476,0.0089423
4.9,3.66,3013,4.25,427,1.9,1.22,1,26.75,253.5,40.5,72.987,0.0001012
4.9,3.66,3013,4.25,427,1.9,1.22,0.7,85.75,514.75,51,80.186,1.6304E-22
4.6,4.44,4636,4.6,369,0.68,0.6,0.8,54.25,517.5,47.5,177.271,0.000048096
4.6,4.44,4636,4.6,369,0.68,0.6,1.35,38.5,492.5,57,197.964,0.000028247
4.6,4.44,4636,4.6,369,0.68,0.6,0.95,49.5,332,35.5,140.853,0.00034566
4.6,4.44,4636,4.6,369,0.68,0.6,1.1,20,390,62.5,187.809,0.0018778
4.6,4.44,4636,4.6,369,0.68,0.6,0.65,14.5,91.75,40,376.561,0.045706
4.6,4.44,4636,4.6,369,0.68,0.6,0.85,28.5,154,73,918.329,0.050295
4.6,4.44,4636,4.6,369,0.68,0.6,1.25,9,565,13,117.001,7.2527E-67
4.6,4.44,4636,4.6,369,0.68,0.6,0.45,36.5,191,52,141.317,0.040667
4.6,4.44,4636,4.6,369,0.68,0.6,0.55,32,277,28.5,136.909,0.003942
4.6,4.44,4636,4.6,369,0.68,0.6,1.05,30,422.5,21,130.361,6.5936E-15
1.45,4,1961,4.55,439,1.42,1.38,1.25,12,391,54.5,69.451,3.1895E-17
1.45,4,1961,4.55,439,1.42,1.38,1.35,20.25,143.5,68.5,69.644,0.017602
1.45,4,1961,4.55,439,1.42,1.38,0.9,32,406.75,40.5,65.338,5.3034E-10
1.45,4,1961,4.55,439,1.42,1.38,1,95.75,537.25,48,71.125,1.0423E-81
1.45,4,1961,4.55,439,1.42,1.38,0.6,16.25,290.5,75,75.226,0.000036698
1.45,4,1961,4.55,439,1.42,1.38,0.45,13.5,81.75,13.5,-120.391,0.052831
1.45,4,1961,4.55,439,1.42,1.38,1.1,36.75,572.75,59.5,71.909,2.2562E-96
1.45,4,1961,4.55,439,1.42,1.38,0.8,24.75,229.25,34.5,63.079,0.0027013
1.45,4,1961,4.55,439,1.42,1.38,0.9,47.25,254.25,24.5,58.342,0.0051291
1.45,4,1961,4.55,439,1.42,1.38,0.55,73.25,457.25,29.5,60.383,2.3841E-11
0.95,3.78,4792,2.9,596,1.7,1.8,0.55,104.25,531.25,61.5,124.354,1.0932E-11
0.95,3.78,4792,2.9,596,1.7,1.8,1.25,43,382.5,23.5,95.463,5.4913E-12
0.95,3.78,4792,2.9,596,1.7,1.8,1,22.25,216,33.5,100.952,0.00023792
0.95,3.78,4792,2.9,596,1.7,1.8,0.6,45.5,248.75,72,119.065,0.0016731
0.95,3.78,4792,2.9,596,1.7,1.8,0.7,42.5,549,52.5,114.036,3.965E-19
0.95,3.78,4792,2.9,596,1.7,1.8,1.4,22.25,413.75,25.5,95.782,6.5477E-22
0.95,3.78,4792,2.9,596,1.7,1.8,0.8,22.75,140.5,16,96.046,0.00000071779
0.95,3.78,4792,2.9,596,1.7,1.8,0.45,62.75,476.5,42,106.339,2.1191E-12
0.95,3.78,4792,2.9,596,1.7,1.8,1.2,10.25,92.5,64.5,-118.823,0.04058
0.95,3.78,4792,2.9,596,1.7,1.8,0.95,9.5,336.25,43.5,104.175,0.000000067473
4.95,4.98,1670,2.65,408,1.88,1.6,1.25,35.75,310.25,63,-1370.103,0.0000000013823
4.95,4.98,1670,2.65,408,1.88,1.6,0.45,14.5,140.5,37.5,-262.612,0.053264
4.95,4.98,1670,2.65,408,1.88,1.6,1.35,26.25,481.5,59,-1983.116,2.9694E-52
4.95,4.98,1670,2.65,408,1.88,1.6,0.95,19,359.75,71.5,-1601.849,8.6598E-12
4.95,4.98,1670,2.65,408,1.88,1.6,0.5,13.75,586,32.5,53.616,2.9154E-171
4.95,4.98,1670,2.65,408,1.88,1.6,0.8,96.5,510,28,47.384,3.2774E-38
4.95,4.98,1670,2.65,408,1.88,1.6,0.75,64,400.25,23,47.511,0.00003519
4.95,4.98,1670,2.65,408,1.88,1.6,1.15,37,219,13,-439.79,0.1188
4.95,4.98,1670,2.65,408,1.88,1.6,1.05,15.75,103.25,47.5,-177.366,0.015271
4.95,4.98,1670,2.65,408,1.88,1.6,0.7,25.25,246.5,54.5,59.567,0.000013054
4.85,3.58,4565,2.7,323,1.04,0.46,0.8,39.25,268,18,103.027,6.421E-13
4.85,3.58,4565,2.7,323,1.04,0.46,0.5,33.5,498.5,45.5,128.565,0.0000000044622
4.85,3.58,4565,2.7,323,1.04,0.46,1.2,14,223,66,128.251,0.011604
4.85,3.58,4565,2.7,323,1.04,0.46,1,70.75,409.75,36,121.324,2.2019E-10
4.85,3.58,4565,2.7,323,1.04,0.46,0.6,24,177.75,62,119.969,0.020182
4.85,3.58,4565,2.7,323,1.04,0.46,1,53.75,330,19.5,104.376,1.0178E-22
4.85,3.58,4565,2.7,323,1.04,0.46,1.35,8.25,387.5,54,133.631,0.00012759
4.85,3.58,4565,2.7,323,1.04,0.46,0.85,46,495,41.5,126.545,1.7362E-11
4.85,3.58,4565,2.7,323,1.04,0.46,1.3,20.25,102,30,94.02,0.042264
4.85,3.58,4565,2.7,323,1.04,0.46,0.45,44.75,576.25,74.5,182.101,0.0000028395
3.15,2.86,1888,1.55,572,0.42,0.94,1.1,20,557.5,13.5,-1157.449,0.00061895
3.15,2.86,1888,1.55,572,0.42,0.94,0.9,16.75,166.5,65,92.694,0.012288
3.15,2.86,1888,1.55,572,0.42,0.94,1.25,89.75,494,37.5,90.737,0.00000051192
3.15,2.86,1888,1.55,572,0.42,0.94,0.55,37.75,239.25,31,-456.009,0.0008622
3.15,2.86,1888,1.55,572,0.42,0.94,1.15,76.5,383.25,20,77.765,0.0021451
3.15,2.86,1888,1.55,572,0.42,0.94,0.6,57,524.25,36,89.61,2.3499E-14
3.15,2.86,1888,1.55,572,0.42,0.94,0.8,13.25,83,57.5,-103.701,0.052724
3.15,2.86,1888,1.55,572,0.42,0.94,1.35,35.5,322.75,45,92.248,0.00074147
3.15,2.86,1888,1.55,572,0.42,0.94,0.4,9,441,73,-1939.549,0.000027652
3.15,2.86,1888,1.55,572,0.42,0.94,0.95,17.25,203.75,56,96.845,0.0020137
1.2,4.96,2080,2.45,451,1.66,1.34,1,47.5,591.25,64.5,77.724,6.9457E-127
1.2,4.96,2080,2.45,451,1.66,1.34,0.7,32.25,451.25,38,65.86,9.0532E-17
1.2,4.96,2080,2.45,451,1.66,1.34,0.55,37.5,325.25,33.5,64.895,0.0000044357
1.2,4.96,2080,2.45,451,1.66,1.34,0.7,8.25,174.5,71.5,72.936,0.0022067
1.2,4.96,2080,2.45,451,1.66,1.34,1.15,29.25,214.75,46,69.218,0.000011226
1.2,4.96,2080,2.45,451,1.66,1.34,1,22.25,413.5,16,58.542,0.00093544
1.2,4.96,2080,2.45,451,1.66,1.34,0.4,44,248.25,61,74.754,0.000019869
1.2,4.96,2080,2.45,451,1.66,1.34,0.9,79.5,521.5,30.5,63.63,6.3704E-31
1.2,4.96,2080,2.45,451,1.66,1.34,1.2,38.5,390.5,55,72.781,4.0823E-15
1.2,4.96,2080,2.45,451,1.66,1.34,1.3,17.25,88.25,23,66.462,0.0096419
2.45,4.58,3618,1.1,594,0.72,1.72,1.2,21.75,149.75,43.5,98.86,0.00058519
2.45,4.58,3618,1.1,594,0.72,1.72,0.7,26,236,58,106.617,0.00086515
2.45,4.58,3618,1.1,594,0.72,1.72,0.5,10,229,50.5,105.589,0.0014272
2.45,4.58,3618,1.1,594,0.72,1.72,1.4,30,425.5,21,91.66,8.1403E-12
2.45,4.58,3618,1.1,594,0.72,1.72,1.1,20,561.25,26.5,94.618,0.00000062988
2.45,4.58,3618,1.1,594,0.72,1.72,1.2,95.25,527.5,46.5,108.312,1.7031E-16
2.45,4.58,3618,1.1,594,0.72,1.72,0.45,14.5,96.5,34,-130.162,0.019179
2.45,4.58,3618,1.1,594,0.72,1.72,0.85,85.25,445.5,15,85.421,0.00089813
2.45,4.58,3618,1.1,594,0.72,1.72,0.9,30.5,354.25,63.5,112.08,0.00021335
2.45,4.58,3618,1.1,594,0.72,1.72,0.6,50.25,319.5,72,116.387,0.0024012
2.1,3.26,2955,4.45,309,0.62,1.84,0.7,21.75,206,56,-566.637,0.00060609
2.1,3.26,2955,4.45,309,0.62,1.84,0.45,51.25,407.75,70,118.112,0.0000023138
2.1,3.26,2955,4.45,309,0.62,1.84,0.75,26.25,487,22,69.198,8.7255E-14
2.1,3.26,2955,4.45,309,0.62,1.84,1.05,55.5,323,47,85.969,0.00000095368
2.1,3.26,2955,4.45,309,0.62,1.84,1.25,45,282,40,77.653,0.00000030662
2.1,3.26,2955,4.45,309,0.62,1.84,1,11.75,146.25,37,75.762,0.007803
2.1,3.26,2955,4.45,309,0.62,1.84,1.2,78,552,14,62.741,1.4807E-14
2.1,3.26,2955,4.45,309,0.62,1.84,0.9,98.25,509.5,27.5,74.784,2.0862E-34
2.1,3.26,2955,4.45,309,0.62,1.84,0.55,10.5,391.5,51.5,-1734.361,0.0000000011157
2.1,3.26,2955,4.45,309,0.62,1.84,1.4,11.25,88,68,-137.973,0.062147
1.75,4.66,3444,3.5,309,1.12,0.56,0.95,63.5,320.75,74.5,130.166,0.000046725
1.75,4.66,3444,3.5,309,1.12,0.56,0.75,19.75,197.25,36,91.919,0.000096121
1.75,4.66,3444,3.5,309,1.12,0.56,1.2,56.25,382.75,26.5,92.451,3.3183E-42
1.75,4.66,3444,3.5,309,1.12,0.56,0.5,25,449.25,49,111.22,1.8506E-17
1.75,4.66,3444,3.5,309,1.12,0.56,1.2,22.75,165,40,91.685,0.0015183
1.75,4.66,3444,3.5,309,1.12,0.56,1.1,77.25,545.25,50.5,118.682,1.4979E-34
1.75,4.66,3444,3.5,309,1.12,0.56,0.8,8.75,256,18,84.375,4.3612E-17
1.75,4.66,3444,3.5,309,1.12,0.56,0.65,16.75,90,58,85.586,0.040492
1.75,4.66,3444,3.5,309,1.12,0.56,0.4,56.5,548,65.5,130.27,1.7283E-17
1.75,4.66,3444,3.5,309,1.12,0.56,1.3,20.75,419,22.5,86.064,2.7622E-75
0.9,2.6,4003,1.15,517,1.34,0.5,0.9,56,345.75,17.5,132.444,0.000000073611
0.9,2.6,4003,1.15,517,1.34,0.5,0.45,34.75,295.5,25.5,135.674,0.0015633
0.9,2.6,4003,1.15,517,1.34,0.5,0.55,36,499.75,57,175.055,0.000000043254
0.9,2.6,4003,1.15,517,1.34,0.5,1.35,57.25,549.5,55.5,175.576,1.7038E-10
0.9,2.6,4003,1.15,517,1.34,0.5,0.85,31.25,476,69.5,184.988,0.0000020723
0.9,2.6,4003,1.15,517,1.34,0.5,1.25,8,155.75,46,126.329,0.026557
0.9,2.6,4003,1.15,517,1.34,0.5,0.8,16.25,420.75,63.5,174.537,0.000093858
0.9,2.6,4003,1.15,517,1.34,0.5,0.65,52.5,287,41,145.914,0.00027926
0.9,2.6,4003,1.15,517,1.34,0.5,1.15,38.25,219,35.5,132.283,0.0025003
0.9,2.6,4003,1.15,517,1.34,0.5,1,14.5,92,21.5,375.061,0.036727
2.55,3.5,2811,2,354,1.04,0.5,1,10.5,367.75,57.5,96.363,0.000000029633
2.55,3.5,2811,2,354,1.04,0.5,1.05,38.25,236.75,22.5,80.095,2.0357E-34
2.55,3.5,2811,2,354,1.04,0.5,0.6,64.5,540,25.5,83.116,4.5287E-38
2.55,3.5,2811,2,354,1.04,0.5,0.65,14.75,129.5,15,78.066,0.000014196
2.55,3.5,2811,2,354,1.04,0.5,1.3,45.75,236,70,101.039,0.00066599
2.55,3.5,2811,2,354,1.04,0.5,1.15,15.75,178.25,36,84.397,0.0000014698
2.55,3.5,2811,2,354,1.04,0.5,0.5,88.25,489.5,68,115.694,1.018E-12
2.55,3.5,2811,2,354,1.04,0.5,0.7,20,587.75,48,92.086,6.1551E-43
2.55,3.5,2811,2,354,1.04,0.5,0.9,31.75,321.25,54,95.032,0.0000001544
2.55,3.5,2811,2,354,1.04,0.5,1.3,58.25,428.75,40,90.766,1.1773E-26
4.85,4.86,3271,2.4,387,1.82,1.08,0.95,78.25,451.25,14,59.893,0.00015728
4.85,4.86,3271,2.4,387,1.82,1.08,0.8,17.75,149.25,28,-264.367,0.000044091
4.85,4.86,3271,2.4,387,1.82,1.08,0.7,22.25,131.75,69.5,76.838,0.02985
4.85,4.86,3271,2.4,387,1.82,1.08,1.25,100.75,528.75,64.5,98.289,1.9148E-17
4.85,4.86,3271,2.4,387,1.82,1.08,0.45,33.25,579.5,41.5,74.644,9.0712E-32
4.85,4.86,3271,2.4,387,1.82,1.08,1.35,32,279.5,53.5,78.597,0.000000032045
4.85,4.86,3271,2.4,387,1.82,1.08,1.1,18.25,432.5,33,70.754,1.1563E-10
4.85,4.86,3271,2.4,387,1.82,1.08,1.1,21.75,223.25,60.5,78.866,0.00092912
4.85,4.86,3271,2.4,387,1.82,1.08,0.55,45.5,326.5,22.5,66.149,0.000011479
4.85,4.86,3271,2.4,387,1.82,1.08,0.75,8.25,359.25,48,75.918,6.8061E-10
2.65,2.16,4262,5,475,1.28,1,0.95,46.25,525.5,42.5,-2329.374,0.000012269
2.65,2.16,4262,5,475,1.28,1,1.35,22.5,154.5,51.5,98.805,0.040232
2.65,2.16,4262,5,475,1.28,1,1.25,54.75,311.5,14.5,89.344,0.008894
2.65,2.16,4262,5,475,1.28,1,0.65,16.25,111.5,68,-168.868,0.071324
2.65,2.16,4262,5,475,1.28,1,0.4,93.25,590,25,101.185,0.00000064594
2.65,2.16,4262,5,475,1.28,1,0.8,27.5,374.75,70,-1419.252,0.0004265
2.65,2.16,4262,5,475,1.28,1,1.1,10.5,252.5,62,-965.261,0.0064232
2.65,2.16,4262,5,475,1.28,1,0.5,94,484.5,34,109.336,0.00011753
2.65,2.16,4262,5,475,1.28,1,0.75,23.75,210.5,44,-555.826,0.013346
2.65,2.16,4262,5,475,1.28,1,1.1,16.25,438.5,24,95.268,0.00000028964
1,3.98,3257,4.95,384,0.92,0.96,1.1,14.75,92,30.5,79.295,0.041548
1,3.98,3257,4.95,384,0.92,0.96,1,73.75,388,39.5,101.927,1.9813E-17
1,3.98,3257,4.95,384,0.92,0.96,1,12.5,140.75,31,86.549,0.00083043
1,3.98,3257,4.95,384,0.92,0.96,0.9,67.5,568.75,14,82.103,2.4501E-48
1,3.98,3257,4.95,384,0.92,0.96,1.2,25.25,233.25,46,95.304,0.00025164
1,3.98,3257,4.95,384,0.92,0.96,0.4,36.5,465.5,53.5,112.826,1.0589E-19
1,3.98,3257,4.95,384,0.92,0.96,0.5,17.25,547,56.5,114.676,2.0197E-20
1,3.98,3257,4.95,384,0.92,0.96,0.7,43.75,244.5,69,113.672,0.0013499
1,3.98,3257,4.95,384,0.92,0.96,0.7,14,333.5,20,84.497,1.928E-20
1,3.98,3257,4.95,384,0.92,0.96,1.3,67,419.75,66,127.2,0.0000000068539
